"","sample_name","SEQUENCES","library_ID","title","library_strategy","library_source","library_selection","library_layout","platform","instrument_model","design_description","filetype"
"1","GOM23_S11_N10_18S","6782_GOM23_S11_N10_18S_DNA_orig_S38_L001_R1_001.fastq.gz, 6782_GOM23_S11_N10_18S_DNA_orig_S38_L001_R2_001.fastq.gz, 6782_GOM23_S11_N10_18S_DNA_S133_L001_R1_001.fastq.gz, 6782_GOM23_S11_N10_18S_DNA_S133_L001_R2_001.fastq.gz","GOM23_S11_N10_18S","Northern Gulf microbial ecology survey 2023","AMPLICON","GENOMIC","PCR","paired","ILLUMINA","NextSeq 2000","Amplicon tag-sequencing from the Gulf of Mexico using, 18S rRNA primers to target the microeukaryotepopulation.","fastq"
"2","GOM23_S11_N11_18S","6782_GOM23_S11_N11_18S_DNA_orig_S46_L001_R1_001.fastq.gz, 6782_GOM23_S11_N11_18S_DNA_orig_S46_L001_R2_001.fastq.gz, 6782_GOM23_S11_N11_18S_DNA_S140_L001_R1_001.fastq.gz, 6782_GOM23_S11_N11_18S_DNA_S140_L001_R2_001.fastq.gz","GOM23_S11_N11_18S","Northern Gulf microbial ecology survey 2023","AMPLICON","GENOMIC","PCR","paired","ILLUMINA","NextSeq 2000","Amplicon tag-sequencing from the Gulf of Mexico using, 18S rRNA primers to target the microeukaryotepopulation.","fastq"
"3","GOM23_S11_N12_18S","6782_GOM23_S11_N12_18S_DNA_orig_S54_L001_R1_001.fastq.gz, 6782_GOM23_S11_N12_18S_DNA_orig_S54_L001_R2_001.fastq.gz, 6782_GOM23_S11_N12_18S_DNA_S148_L001_R1_001.fastq.gz, 6782_GOM23_S11_N12_18S_DNA_S148_L001_R2_001.fastq.gz","GOM23_S11_N12_18S","Northern Gulf microbial ecology survey 2023","AMPLICON","GENOMIC","PCR","paired","ILLUMINA","NextSeq 2000","Amplicon tag-sequencing from the Gulf of Mexico using, 18S rRNA primers to target the microeukaryotepopulation.","fastq"
"4","GOM23_S11_N1_18S","6782_GOM23_S11_N1_18S_DNA_orig_S92_L001_R1_001.fastq.gz, 6782_GOM23_S11_N1_18S_DNA_orig_S92_L001_R2_001.fastq.gz, 6782_GOM23_S11_N1_18S_DNA_S186_L001_R1_001.fastq.gz, 6782_GOM23_S11_N1_18S_DNA_S186_L001_R2_001.fastq.gz","GOM23_S11_N1_18S","Northern Gulf microbial ecology survey 2023","AMPLICON","GENOMIC","PCR","paired","ILLUMINA","NextSeq 2000","Amplicon tag-sequencing from the Gulf of Mexico using, 18S rRNA primers to target the microeukaryotepopulation.","fastq"
"5","GOM23_S11_N4_18S","6782_GOM23_S11_N4_18S_DNA_orig_S6_L001_R1_001.fastq.gz, 6782_GOM23_S11_N4_18S_DNA_orig_S6_L001_R2_001.fastq.gz, 6782_GOM23_S11_N4_18S_DNA_S101_L001_R1_001.fastq.gz, 6782_GOM23_S11_N4_18S_DNA_S101_L001_R2_001.fastq.gz","GOM23_S11_N4_18S","Northern Gulf microbial ecology survey 2023","AMPLICON","GENOMIC","PCR","paired","ILLUMINA","NextSeq 2000","Amplicon tag-sequencing from the Gulf of Mexico using, 18S rRNA primers to target the microeukaryotepopulation.","fastq"
"6","GOM23_S11_N5_18S","6782_GOM23_S11_N5_18S_DNA_orig_S14_L001_R1_001.fastq.gz, 6782_GOM23_S11_N5_18S_DNA_orig_S14_L001_R2_001.fastq.gz, 6782_GOM23_S11_N5_18S_DNA_S109_L001_R1_001.fastq.gz, 6782_GOM23_S11_N5_18S_DNA_S109_L001_R2_001.fastq.gz","GOM23_S11_N5_18S","Northern Gulf microbial ecology survey 2023","AMPLICON","GENOMIC","PCR","paired","ILLUMINA","NextSeq 2000","Amplicon tag-sequencing from the Gulf of Mexico using, 18S rRNA primers to target the microeukaryotepopulation.","fastq"
"7","GOM23_S11_N6_18S","6782_GOM23_S11_N6_18S_DNA_orig_S22_L001_R1_001.fastq.gz, 6782_GOM23_S11_N6_18S_DNA_orig_S22_L001_R2_001.fastq.gz, 6782_GOM23_S11_N6_18S_DNA_S117_L001_R1_001.fastq.gz, 6782_GOM23_S11_N6_18S_DNA_S117_L001_R2_001.fastq.gz","GOM23_S11_N6_18S","Northern Gulf microbial ecology survey 2023","AMPLICON","GENOMIC","PCR","paired","ILLUMINA","NextSeq 2000","Amplicon tag-sequencing from the Gulf of Mexico using, 18S rRNA primers to target the microeukaryotepopulation.","fastq"
"8","GOM23_S11_N7_18S","6782_GOM23_S11_N7_18S_DNA_orig_S30_L001_R1_001.fastq.gz, 6782_GOM23_S11_N7_18S_DNA_orig_S30_L001_R2_001.fastq.gz, 6782_GOM23_S11_N7_18S_DNA_S125_L001_R1_001.fastq.gz, 6782_GOM23_S11_N7_18S_DNA_S125_L001_R2_001.fastq.gz","GOM23_S11_N7_18S","Northern Gulf microbial ecology survey 2023","AMPLICON","GENOMIC","PCR","paired","ILLUMINA","NextSeq 2000","Amplicon tag-sequencing from the Gulf of Mexico using, 18S rRNA primers to target the microeukaryotepopulation.","fastq"
"9","GOM23_S12_N10_18S","6782_GOM23_S12_N10_18S_DNA_orig_S15_L001_R1_001.fastq.gz, 6782_GOM23_S12_N10_18S_DNA_orig_S15_L001_R2_001.fastq.gz, 6782_GOM23_S12_N10_18S_DNA_S110_L001_R1_001.fastq.gz, 6782_GOM23_S12_N10_18S_DNA_S110_L001_R2_001.fastq.gz","GOM23_S12_N10_18S","Northern Gulf microbial ecology survey 2023","AMPLICON","GENOMIC","PCR","paired","ILLUMINA","NextSeq 2000","Amplicon tag-sequencing from the Gulf of Mexico using, 18S rRNA primers to target the microeukaryotepopulation.","fastq"
"10","GOM23_S12_N11_18S","6782_GOM23_S12_N11_18S_DNA_orig_S23_L001_R1_001.fastq.gz, 6782_GOM23_S12_N11_18S_DNA_orig_S23_L001_R2_001.fastq.gz, 6782_GOM23_S12_N11_18S_DNA_S118_L001_R1_001.fastq.gz, 6782_GOM23_S12_N11_18S_DNA_S118_L001_R2_001.fastq.gz","GOM23_S12_N11_18S","Northern Gulf microbial ecology survey 2023","AMPLICON","GENOMIC","PCR","paired","ILLUMINA","NextSeq 2000","Amplicon tag-sequencing from the Gulf of Mexico using, 18S rRNA primers to target the microeukaryotepopulation.","fastq"
"11","GOM23_S12_N12_18S","6782_GOM23_S12_N12_18S_DNA_orig_S31_L001_R1_001.fastq.gz, 6782_GOM23_S12_N12_18S_DNA_orig_S31_L001_R2_001.fastq.gz, 6782_GOM23_S12_N12_18S_DNA_S126_L001_R1_001.fastq.gz, 6782_GOM23_S12_N12_18S_DNA_S126_L001_R2_001.fastq.gz","GOM23_S12_N12_18S","Northern Gulf microbial ecology survey 2023","AMPLICON","GENOMIC","PCR","paired","ILLUMINA","NextSeq 2000","Amplicon tag-sequencing from the Gulf of Mexico using, 18S rRNA primers to target the microeukaryotepopulation.","fastq"
"12","GOM23_S12_N1_18S","6782_GOM23_S12_N1_18S_DNA_orig_S62_L001_R1_001.fastq.gz, 6782_GOM23_S12_N1_18S_DNA_orig_S62_L001_R2_001.fastq.gz, 6782_GOM23_S12_N1_18S_DNA_S156_L001_R1_001.fastq.gz, 6782_GOM23_S12_N1_18S_DNA_S156_L001_R2_001.fastq.gz","GOM23_S12_N1_18S","Northern Gulf microbial ecology survey 2023","AMPLICON","GENOMIC","PCR","paired","ILLUMINA","NextSeq 2000","Amplicon tag-sequencing from the Gulf of Mexico using, 18S rRNA primers to target the microeukaryotepopulation.","fastq"
"13","GOM23_S12_N2_18S","6782_GOM23_S12_N2_18S_DNA_orig_S69_L001_R1_001.fastq.gz, 6782_GOM23_S12_N2_18S_DNA_orig_S69_L001_R2_001.fastq.gz, 6782_GOM23_S12_N2_18S_DNA_S163_L001_R1_001.fastq.gz, 6782_GOM23_S12_N2_18S_DNA_S163_L001_R2_001.fastq.gz","GOM23_S12_N2_18S","Northern Gulf microbial ecology survey 2023","AMPLICON","GENOMIC","PCR","paired","ILLUMINA","NextSeq 2000","Amplicon tag-sequencing from the Gulf of Mexico using, 18S rRNA primers to target the microeukaryotepopulation.","fastq"
"14","GOM23_S12_N3_18S","6782_GOM23_S12_N3_18S_DNA_orig_S77_L001_R1_001.fastq.gz, 6782_GOM23_S12_N3_18S_DNA_orig_S77_L001_R2_001.fastq.gz, 6782_GOM23_S12_N3_18S_DNA_S171_L001_R1_001.fastq.gz, 6782_GOM23_S12_N3_18S_DNA_S171_L001_R2_001.fastq.gz","GOM23_S12_N3_18S","Northern Gulf microbial ecology survey 2023","AMPLICON","GENOMIC","PCR","paired","ILLUMINA","NextSeq 2000","Amplicon tag-sequencing from the Gulf of Mexico using, 18S rRNA primers to target the microeukaryotepopulation.","fastq"
"15","GOM23_S12_N4_18S","6782_GOM23_S12_N4_18S_DNA_orig_S85_L001_R1_001.fastq.gz, 6782_GOM23_S12_N4_18S_DNA_orig_S85_L001_R2_001.fastq.gz, 6782_GOM23_S12_N4_18S_DNA_S179_L001_R1_001.fastq.gz, 6782_GOM23_S12_N4_18S_DNA_S179_L001_R2_001.fastq.gz","GOM23_S12_N4_18S","Northern Gulf microbial ecology survey 2023","AMPLICON","GENOMIC","PCR","paired","ILLUMINA","NextSeq 2000","Amplicon tag-sequencing from the Gulf of Mexico using, 18S rRNA primers to target the microeukaryotepopulation.","fastq"
"16","GOM23_S12_N5_18S","6782_GOM23_S12_N5_18S_DNA_orig_S93_L001_R1_001.fastq.gz, 6782_GOM23_S12_N5_18S_DNA_orig_S93_L001_R2_001.fastq.gz, 6782_GOM23_S12_N5_18S_DNA_S187_L001_R1_001.fastq.gz, 6782_GOM23_S12_N5_18S_DNA_S187_L001_R2_001.fastq.gz","GOM23_S12_N5_18S","Northern Gulf microbial ecology survey 2023","AMPLICON","GENOMIC","PCR","paired","ILLUMINA","NextSeq 2000","Amplicon tag-sequencing from the Gulf of Mexico using, 18S rRNA primers to target the microeukaryotepopulation.","fastq"
"17","GOM23_S12_N6_18S","6782_GOM23_S12_N6_18S_DNA_orig_S7_L001_R1_001.fastq.gz, 6782_GOM23_S12_N6_18S_DNA_orig_S7_L001_R2_001.fastq.gz, 6782_GOM23_S12_N6_18S_DNA_S102_L001_R1_001.fastq.gz, 6782_GOM23_S12_N6_18S_DNA_S102_L001_R2_001.fastq.gz","GOM23_S12_N6_18S","Northern Gulf microbial ecology survey 2023","AMPLICON","GENOMIC","PCR","paired","ILLUMINA","NextSeq 2000","Amplicon tag-sequencing from the Gulf of Mexico using, 18S rRNA primers to target the microeukaryotepopulation.","fastq"
"18","GOM23_S14_N10_18S","6782_GOM23_S14_N10_18S_DNA_orig_S16_L001_R1_001.fastq.gz, 6782_GOM23_S14_N10_18S_DNA_orig_S16_L001_R2_001.fastq.gz, 6782_GOM23_S14_N10_18S_DNA_S111_L001_R1_001.fastq.gz, 6782_GOM23_S14_N10_18S_DNA_S111_L001_R2_001.fastq.gz","GOM23_S14_N10_18S","Northern Gulf microbial ecology survey 2023","AMPLICON","GENOMIC","PCR","paired","ILLUMINA","NextSeq 2000","Amplicon tag-sequencing from the Gulf of Mexico using, 18S rRNA primers to target the microeukaryotepopulation.","fastq"
"19","GOM23_S14_N11_18S","6782_GOM23_S14_N11_18S_DNA_orig_S24_L001_R1_001.fastq.gz, 6782_GOM23_S14_N11_18S_DNA_orig_S24_L001_R2_001.fastq.gz, 6782_GOM23_S14_N11_18S_DNA_S119_L001_R1_001.fastq.gz, 6782_GOM23_S14_N11_18S_DNA_S119_L001_R2_001.fastq.gz","GOM23_S14_N11_18S","Northern Gulf microbial ecology survey 2023","AMPLICON","GENOMIC","PCR","paired","ILLUMINA","NextSeq 2000","Amplicon tag-sequencing from the Gulf of Mexico using, 18S rRNA primers to target the microeukaryotepopulation.","fastq"
"20","GOM23_S14_N12_18S","6782_GOM23_S14_N12_18S_DNA_orig_S32_L001_R1_001.fastq.gz, 6782_GOM23_S14_N12_18S_DNA_orig_S32_L001_R2_001.fastq.gz, 6782_GOM23_S14_N12_18S_DNA_S127_L001_R1_001.fastq.gz, 6782_GOM23_S14_N12_18S_DNA_S127_L001_R2_001.fastq.gz","GOM23_S14_N12_18S","Northern Gulf microbial ecology survey 2023","AMPLICON","GENOMIC","PCR","paired","ILLUMINA","NextSeq 2000","Amplicon tag-sequencing from the Gulf of Mexico using, 18S rRNA primers to target the microeukaryotepopulation.","fastq"
"21","GOM23_S14_N1_18S","6782_GOM23_S14_N1_18S_DNA_orig_S39_L001_R1_001.fastq.gz, 6782_GOM23_S14_N1_18S_DNA_orig_S39_L001_R2_001.fastq.gz, 6782_GOM23_S14_N1_18S_DNA_S134_L001_R1_001.fastq.gz, 6782_GOM23_S14_N1_18S_DNA_S134_L001_R2_001.fastq.gz","GOM23_S14_N1_18S","Northern Gulf microbial ecology survey 2023","AMPLICON","GENOMIC","PCR","paired","ILLUMINA","NextSeq 2000","Amplicon tag-sequencing from the Gulf of Mexico using, 18S rRNA primers to target the microeukaryotepopulation.","fastq"
"22","GOM23_S14_N2_18S","6782_GOM23_S14_N2_18S_DNA_orig_S47_L001_R1_001.fastq.gz, 6782_GOM23_S14_N2_18S_DNA_orig_S47_L001_R2_001.fastq.gz, 6782_GOM23_S14_N2_18S_DNA_S141_L001_R1_001.fastq.gz, 6782_GOM23_S14_N2_18S_DNA_S141_L001_R2_001.fastq.gz","GOM23_S14_N2_18S","Northern Gulf microbial ecology survey 2023","AMPLICON","GENOMIC","PCR","paired","ILLUMINA","NextSeq 2000","Amplicon tag-sequencing from the Gulf of Mexico using, 18S rRNA primers to target the microeukaryotepopulation.","fastq"
"23","GOM23_S14_N3_18S","6782_GOM23_S14_N3_18S_DNA_orig_S55_L001_R1_001.fastq.gz, 6782_GOM23_S14_N3_18S_DNA_orig_S55_L001_R2_001.fastq.gz, 6782_GOM23_S14_N3_18S_DNA_S149_L001_R1_001.fastq.gz, 6782_GOM23_S14_N3_18S_DNA_S149_L001_R2_001.fastq.gz","GOM23_S14_N3_18S","Northern Gulf microbial ecology survey 2023","AMPLICON","GENOMIC","PCR","paired","ILLUMINA","NextSeq 2000","Amplicon tag-sequencing from the Gulf of Mexico using, 18S rRNA primers to target the microeukaryotepopulation.","fastq"
"24","GOM23_S14_N4_18S","6782_GOM23_S14_N4_18S_DNA_orig_S63_L001_R1_001.fastq.gz, 6782_GOM23_S14_N4_18S_DNA_orig_S63_L001_R2_001.fastq.gz, 6782_GOM23_S14_N4_18S_DNA_S157_L001_R1_001.fastq.gz, 6782_GOM23_S14_N4_18S_DNA_S157_L001_R2_001.fastq.gz","GOM23_S14_N4_18S","Northern Gulf microbial ecology survey 2023","AMPLICON","GENOMIC","PCR","paired","ILLUMINA","NextSeq 2000","Amplicon tag-sequencing from the Gulf of Mexico using, 18S rRNA primers to target the microeukaryotepopulation.","fastq"
"25","GOM23_S14_N5_18S","6782_GOM23_S14_N5_18S_DNA_orig_S70_L001_R1_001.fastq.gz, 6782_GOM23_S14_N5_18S_DNA_orig_S70_L001_R2_001.fastq.gz, 6782_GOM23_S14_N5_18S_DNA_S164_L001_R1_001.fastq.gz, 6782_GOM23_S14_N5_18S_DNA_S164_L001_R2_001.fastq.gz","GOM23_S14_N5_18S","Northern Gulf microbial ecology survey 2023","AMPLICON","GENOMIC","PCR","paired","ILLUMINA","NextSeq 2000","Amplicon tag-sequencing from the Gulf of Mexico using, 18S rRNA primers to target the microeukaryotepopulation.","fastq"
"26","GOM23_S14_N6_18S","6782_GOM23_S14_N6_18S_DNA_orig_S78_L001_R1_001.fastq.gz, 6782_GOM23_S14_N6_18S_DNA_orig_S78_L001_R2_001.fastq.gz, 6782_GOM23_S14_N6_18S_DNA_S172_L001_R1_001.fastq.gz, 6782_GOM23_S14_N6_18S_DNA_S172_L001_R2_001.fastq.gz","GOM23_S14_N6_18S","Northern Gulf microbial ecology survey 2023","AMPLICON","GENOMIC","PCR","paired","ILLUMINA","NextSeq 2000","Amplicon tag-sequencing from the Gulf of Mexico using, 18S rRNA primers to target the microeukaryotepopulation.","fastq"
"27","GOM23_S14_N7_18S","6782_GOM23_S14_N7_18S_DNA_orig_S86_L001_R1_001.fastq.gz, 6782_GOM23_S14_N7_18S_DNA_orig_S86_L001_R2_001.fastq.gz, 6782_GOM23_S14_N7_18S_DNA_S180_L001_R1_001.fastq.gz, 6782_GOM23_S14_N7_18S_DNA_S180_L001_R2_001.fastq.gz","GOM23_S14_N7_18S","Northern Gulf microbial ecology survey 2023","AMPLICON","GENOMIC","PCR","paired","ILLUMINA","NextSeq 2000","Amplicon tag-sequencing from the Gulf of Mexico using, 18S rRNA primers to target the microeukaryotepopulation.","fastq"
"28","GOM23_S14_N8_18S","6782_GOM23_S14_N8_18S_DNA_orig_S94_L001_R1_001.fastq.gz, 6782_GOM23_S14_N8_18S_DNA_orig_S94_L001_R2_001.fastq.gz, 6782_GOM23_S14_N8_18S_DNA_S188_L001_R1_001.fastq.gz, 6782_GOM23_S14_N8_18S_DNA_S188_L001_R2_001.fastq.gz","GOM23_S14_N8_18S","Northern Gulf microbial ecology survey 2023","AMPLICON","GENOMIC","PCR","paired","ILLUMINA","NextSeq 2000","Amplicon tag-sequencing from the Gulf of Mexico using, 18S rRNA primers to target the microeukaryotepopulation.","fastq"
"29","GOM23_S14_N9_18S","6782_GOM23_S14_N9_18S_DNA_orig_S8_L001_R1_001.fastq.gz, 6782_GOM23_S14_N9_18S_DNA_orig_S8_L001_R2_001.fastq.gz, 6782_GOM23_S14_N9_18S_DNA_S103_L001_R1_001.fastq.gz, 6782_GOM23_S14_N9_18S_DNA_S103_L001_R2_001.fastq.gz","GOM23_S14_N9_18S","Northern Gulf microbial ecology survey 2023","AMPLICON","GENOMIC","PCR","paired","ILLUMINA","NextSeq 2000","Amplicon tag-sequencing from the Gulf of Mexico using, 18S rRNA primers to target the microeukaryotepopulation.","fastq"
"30","GOM23_S15_N10_18S","6782_GOM_S15_N10_18S_DNA_orig_S87_L001_R1_001.fastq.gz, 6782_GOM_S15_N10_18S_DNA_orig_S87_L001_R2_001.fastq.gz, 6782_GOM_S15_N10_18S_DNA_S181_L001_R1_001.fastq.gz, 6782_GOM_S15_N10_18S_DNA_S181_L001_R2_001.fastq.gz","GOM23_S15_N10_18S","Northern Gulf microbial ecology survey 2023","AMPLICON","GENOMIC","PCR","paired","ILLUMINA","NextSeq 2000","Amplicon tag-sequencing from the Gulf of Mexico using, 18S rRNA primers to target the microeukaryotepopulation.","fastq"
"31","GOM23_S15_N12_18S","6782_GOM_S15_N12_18S_DNA_orig_S95_L001_R1_001.fastq.gz, 6782_GOM_S15_N12_18S_DNA_orig_S95_L001_R2_001.fastq.gz, 6782_GOM_S15_N12_18S_DNA_S189_L001_R1_001.fastq.gz, 6782_GOM_S15_N12_18S_DNA_S189_L001_R2_001.fastq.gz","GOM23_S15_N12_18S","Northern Gulf microbial ecology survey 2023","AMPLICON","GENOMIC","PCR","paired","ILLUMINA","NextSeq 2000","Amplicon tag-sequencing from the Gulf of Mexico using, 18S rRNA primers to target the microeukaryotepopulation.","fastq"
"32","GOM23_S15_N6_18S","6782_GOM_S15_N6_18S_DNA_orig_S56_L001_R1_001.fastq.gz, 6782_GOM_S15_N6_18S_DNA_orig_S56_L001_R2_001.fastq.gz, 6782_GOM_S15_N6_18S_DNA_S150_L001_R1_001.fastq.gz, 6782_GOM_S15_N6_18S_DNA_S150_L001_R2_001.fastq.gz","GOM23_S15_N6_18S","Northern Gulf microbial ecology survey 2023","AMPLICON","GENOMIC","PCR","paired","ILLUMINA","NextSeq 2000","Amplicon tag-sequencing from the Gulf of Mexico using, 18S rRNA primers to target the microeukaryotepopulation.","fastq"
"33","GOM23_S15_N7_18S","6782_GOM_S15_N7_18S_DNA_orig_S64_L001_R1_001.fastq.gz, 6782_GOM_S15_N7_18S_DNA_orig_S64_L001_R2_001.fastq.gz, 6782_GOM_S15_N7_18S_DNA_S158_L001_R1_001.fastq.gz, 6782_GOM_S15_N7_18S_DNA_S158_L001_R2_001.fastq.gz","GOM23_S15_N7_18S","Northern Gulf microbial ecology survey 2023","AMPLICON","GENOMIC","PCR","paired","ILLUMINA","NextSeq 2000","Amplicon tag-sequencing from the Gulf of Mexico using, 18S rRNA primers to target the microeukaryotepopulation.","fastq"
"34","GOM23_S15_N8_18S","6782_GOM_S15_N8_18S_DNA_orig_S71_L001_R1_001.fastq.gz, 6782_GOM_S15_N8_18S_DNA_orig_S71_L001_R2_001.fastq.gz, 6782_GOM_S15_N8_18S_DNA_S165_L001_R1_001.fastq.gz, 6782_GOM_S15_N8_18S_DNA_S165_L001_R2_001.fastq.gz","GOM23_S15_N8_18S","Northern Gulf microbial ecology survey 2023","AMPLICON","GENOMIC","PCR","paired","ILLUMINA","NextSeq 2000","Amplicon tag-sequencing from the Gulf of Mexico using, 18S rRNA primers to target the microeukaryotepopulation.","fastq"
"35","GOM23_S15_N9_18S","6782_GOM_S15_N9_18S_DNA_orig_S79_L001_R1_001.fastq.gz, 6782_GOM_S15_N9_18S_DNA_orig_S79_L001_R2_001.fastq.gz, 6782_GOM_S15_N9_18S_DNA_S173_L001_R1_001.fastq.gz, 6782_GOM_S15_N9_18S_DNA_S173_L001_R2_001.fastq.gz","GOM23_S15_N9_18S","Northern Gulf microbial ecology survey 2023","AMPLICON","GENOMIC","PCR","paired","ILLUMINA","NextSeq 2000","Amplicon tag-sequencing from the Gulf of Mexico using, 18S rRNA primers to target the microeukaryotepopulation.","fastq"
"36","GOM23_S1_N10_18S","6782_GOM23_S1_N10_18S_DNA_REP2_orig_S9_L001_R1_001.fastq.gz, 6782_GOM23_S1_N10_18S_DNA_REP2_orig_S9_L001_R2_001.fastq.gz, 6782_GOM23_S1_N10_18S_DNA_REP2_S104_L001_R1_001.fastq.gz, 6782_GOM23_S1_N10_18S_DNA_REP2_S104_L001_R2_001.fastq.gz","GOM23_S1_N10_18S","Northern Gulf microbial ecology survey 2023","AMPLICON","GENOMIC","PCR","paired","ILLUMINA","NextSeq 2000","Amplicon tag-sequencing from the Gulf of Mexico using, 18S rRNA primers to target the microeukaryotepopulation.","fastq"
"37","GOM23_S1_N5_18S","6782_GOM23_S1_N5_18S_DNA_REP1_orig_S1_L001_R1_001.fastq.gz, 6782_GOM23_S1_N5_18S_DNA_REP1_orig_S1_L001_R2_001.fastq.gz, 6782_GOM23_S1_N5_18S_DNA_REP1_S96_L001_R1_001.fastq.gz, 6782_GOM23_S1_N5_18S_DNA_REP1_S96_L001_R2_001.fastq.gz","GOM23_S1_N5_18S","Northern Gulf microbial ecology survey 2023","AMPLICON","GENOMIC","PCR","paired","ILLUMINA","NextSeq 2000","Amplicon tag-sequencing from the Gulf of Mexico using, 18S rRNA primers to target the microeukaryotepopulation.","fastq"
"38","GOM23_S2_N11_18S","6782_GOM23_S2_N11_18S_DNA_REP1_orig_S57_L001_R1_001.fastq.gz, 6782_GOM23_S2_N11_18S_DNA_REP1_orig_S57_L001_R2_001.fastq.gz, 6782_GOM23_S2_N11_18S_DNA_REP1_S151_L001_R1_001.fastq.gz, 6782_GOM23_S2_N11_18S_DNA_REP1_S151_L001_R2_001.fastq.gz, 6782_GOM23_S2_N11_18S_DNA_REP2_orig_S65_L001_R1_001.fastq.gz, 6782_GOM23_S2_N11_18S_DNA_REP2_orig_S65_L001_R2_001.fastq.gz, 6782_GOM23_S2_N11_18S_DNA_REP2_S159_L001_R1_001.fastq.gz, 6782_GOM23_S2_N11_18S_DNA_REP2_S159_L001_R2_001.fastq.gz","GOM23_S2_N11_18S","Northern Gulf microbial ecology survey 2023","AMPLICON","GENOMIC","PCR","paired","ILLUMINA","NextSeq 2000","Amplicon tag-sequencing from the Gulf of Mexico using, 18S rRNA primers to target the microeukaryotepopulation.","fastq"
"39","GOM23_S2_N1_18S","6782_GOM23_S2_N1_18S_DNA_REP2_orig_S17_L001_R1_001.fastq.gz, 6782_GOM23_S2_N1_18S_DNA_REP2_orig_S17_L001_R2_001.fastq.gz, 6782_GOM23_S2_N1_18S_DNA_REP2_S112_L001_R1_001.fastq.gz, 6782_GOM23_S2_N1_18S_DNA_REP2_S112_L001_R2_001.fastq.gz","GOM23_S2_N1_18S","Northern Gulf microbial ecology survey 2023","AMPLICON","GENOMIC","PCR","paired","ILLUMINA","NextSeq 2000","Amplicon tag-sequencing from the Gulf of Mexico using, 18S rRNA primers to target the microeukaryotepopulation.","fastq"
"40","GOM23_S2_N3_18S","6782_GOM23_S2_N3_18S_DNA_REP1_orig_S25_L001_R1_001.fastq.gz, 6782_GOM23_S2_N3_18S_DNA_REP1_orig_S25_L001_R2_001.fastq.gz, 6782_GOM23_S2_N3_18S_DNA_REP1_S120_L001_R1_001.fastq.gz, 6782_GOM23_S2_N3_18S_DNA_REP1_S120_L001_R2_001.fastq.gz","GOM23_S2_N3_18S","Northern Gulf microbial ecology survey 2023","AMPLICON","GENOMIC","PCR","paired","ILLUMINA","NextSeq 2000","Amplicon tag-sequencing from the Gulf of Mexico using, 18S rRNA primers to target the microeukaryotepopulation.","fastq"
"41","GOM23_S2_N6_18S","6782_GOM23_S2_N6_18S_DNA_REP1_orig_S33_L001_R1_001.fastq.gz, 6782_GOM23_S2_N6_18S_DNA_REP1_orig_S33_L001_R2_001.fastq.gz, 6782_GOM23_S2_N6_18S_DNA_REP1_S128_L001_R1_001.fastq.gz, 6782_GOM23_S2_N6_18S_DNA_REP1_S128_L001_R2_001.fastq.gz, 6782_GOM23_S2_N6_18S_DNA_REP2_orig_S41_L001_R1_001.fastq.gz, 6782_GOM23_S2_N6_18S_DNA_REP2_orig_S41_L001_R2_001.fastq.gz, 6782_GOM23_S2_N6_18S_DNA_REP2_S136_L001_R1_001.fastq.gz, 6782_GOM23_S2_N6_18S_DNA_REP2_S136_L001_R2_001.fastq.gz","GOM23_S2_N6_18S","Northern Gulf microbial ecology survey 2023","AMPLICON","GENOMIC","PCR","paired","ILLUMINA","NextSeq 2000","Amplicon tag-sequencing from the Gulf of Mexico using, 18S rRNA primers to target the microeukaryotepopulation.","fastq"
"42","GOM23_S2_N8_18S","6782_GOM23_S2_N8_18S_DNA_REP2_orig_S49_L001_R1_001.fastq.gz, 6782_GOM23_S2_N8_18S_DNA_REP2_orig_S49_L001_R2_001.fastq.gz, 6782_GOM23_S2_N8_18S_DNA_REP2_S143_L001_R1_001.fastq.gz, 6782_GOM23_S2_N8_18S_DNA_REP2_S143_L001_R2_001.fastq.gz","GOM23_S2_N8_18S","Northern Gulf microbial ecology survey 2023","AMPLICON","GENOMIC","PCR","paired","ILLUMINA","NextSeq 2000","Amplicon tag-sequencing from the Gulf of Mexico using, 18S rRNA primers to target the microeukaryotepopulation.","fastq"
"43","GOM23_S3_N12_18S","6782_GOM23_S3_N12_18S_DNA_orig_S50_L001_R1_001.fastq.gz, 6782_GOM23_S3_N12_18S_DNA_orig_S50_L001_R2_001.fastq.gz, 6782_GOM23_S3_N12_18S_DNA_S144_L001_R1_001.fastq.gz, 6782_GOM23_S3_N12_18S_DNA_S144_L001_R2_001.fastq.gz","GOM23_S3_N12_18S","Northern Gulf microbial ecology survey 2023","AMPLICON","GENOMIC","PCR","paired","ILLUMINA","NextSeq 2000","Amplicon tag-sequencing from the Gulf of Mexico using, 18S rRNA primers to target the microeukaryotepopulation.","fastq"
"44","GOM23_S3_N1_18S","6782_GOM23_S3_N1_18S_DNA_orig_S72_L001_R1_001.fastq.gz, 6782_GOM23_S3_N1_18S_DNA_orig_S72_L001_R2_001.fastq.gz, 6782_GOM23_S3_N1_18S_DNA_S166_L001_R1_001.fastq.gz, 6782_GOM23_S3_N1_18S_DNA_S166_L001_R2_001.fastq.gz","GOM23_S3_N1_18S","Northern Gulf microbial ecology survey 2023","AMPLICON","GENOMIC","PCR","paired","ILLUMINA","NextSeq 2000","Amplicon tag-sequencing from the Gulf of Mexico using, 18S rRNA primers to target the microeukaryotepopulation.","fastq"
"45","GOM23_S3_N2_18S","6782_GOM23_S3_N2_18S_DNA_orig_S80_L001_R1_001.fastq.gz, 6782_GOM23_S3_N2_18S_DNA_orig_S80_L001_R2_001.fastq.gz, 6782_GOM23_S3_N2_18S_DNA_S174_L001_R1_001.fastq.gz, 6782_GOM23_S3_N2_18S_DNA_S174_L001_R2_001.fastq.gz","GOM23_S3_N2_18S","Northern Gulf microbial ecology survey 2023","AMPLICON","GENOMIC","PCR","paired","ILLUMINA","NextSeq 2000","Amplicon tag-sequencing from the Gulf of Mexico using, 18S rRNA primers to target the microeukaryotepopulation.","fastq"
"46","GOM23_S3_N3_18S","6782_GOM23_S3_N3_18S_DNA_orig_S88_L001_R1_001.fastq.gz, 6782_GOM23_S3_N3_18S_DNA_orig_S88_L001_R2_001.fastq.gz, 6782_GOM23_S3_N3_18S_DNA_S182_L001_R1_001.fastq.gz, 6782_GOM23_S3_N3_18S_DNA_S182_L001_R2_001.fastq.gz","GOM23_S3_N3_18S","Northern Gulf microbial ecology survey 2023","AMPLICON","GENOMIC","PCR","paired","ILLUMINA","NextSeq 2000","Amplicon tag-sequencing from the Gulf of Mexico using, 18S rRNA primers to target the microeukaryotepopulation.","fastq"
"47","GOM23_S3_N4_18S","6782_GOM23_S3_N4_18S_DNA_orig_S2_L001_R1_001.fastq.gz, 6782_GOM23_S3_N4_18S_DNA_orig_S2_L001_R2_001.fastq.gz, 6782_GOM23_S3_N4_18S_DNA_S97_L001_R1_001.fastq.gz, 6782_GOM23_S3_N4_18S_DNA_S97_L001_R2_001.fastq.gz","GOM23_S3_N4_18S","Northern Gulf microbial ecology survey 2023","AMPLICON","GENOMIC","PCR","paired","ILLUMINA","NextSeq 2000","Amplicon tag-sequencing from the Gulf of Mexico using, 18S rRNA primers to target the microeukaryotepopulation.","fastq"
"48","GOM23_S3_N5_18S","6782_GOM23_S3_N5_18S_DNA_orig_S10_L001_R1_001.fastq.gz, 6782_GOM23_S3_N5_18S_DNA_orig_S10_L001_R2_001.fastq.gz, 6782_GOM23_S3_N5_18S_DNA_S105_L001_R1_001.fastq.gz, 6782_GOM23_S3_N5_18S_DNA_S105_L001_R2_001.fastq.gz","GOM23_S3_N5_18S","Northern Gulf microbial ecology survey 2023","AMPLICON","GENOMIC","PCR","paired","ILLUMINA","NextSeq 2000","Amplicon tag-sequencing from the Gulf of Mexico using, 18S rRNA primers to target the microeukaryotepopulation.","fastq"
"49","GOM23_S3_N6_18S","6782_GOM23_S3_N6_18S_DNA_orig_S18_L001_R1_001.fastq.gz, 6782_GOM23_S3_N6_18S_DNA_orig_S18_L001_R2_001.fastq.gz, 6782_GOM23_S3_N6_18S_DNA_S113_L001_R1_001.fastq.gz, 6782_GOM23_S3_N6_18S_DNA_S113_L001_R2_001.fastq.gz","GOM23_S3_N6_18S","Northern Gulf microbial ecology survey 2023","AMPLICON","GENOMIC","PCR","paired","ILLUMINA","NextSeq 2000","Amplicon tag-sequencing from the Gulf of Mexico using, 18S rRNA primers to target the microeukaryotepopulation.","fastq"
"50","GOM23_S3_N7_18S","6782_GOM23_S3_N7_18S_DNA_orig_S26_L001_R1_001.fastq.gz, 6782_GOM23_S3_N7_18S_DNA_orig_S26_L001_R2_001.fastq.gz, 6782_GOM23_S3_N7_18S_DNA_S121_L001_R1_001.fastq.gz, 6782_GOM23_S3_N7_18S_DNA_S121_L001_R2_001.fastq.gz","GOM23_S3_N7_18S","Northern Gulf microbial ecology survey 2023","AMPLICON","GENOMIC","PCR","paired","ILLUMINA","NextSeq 2000","Amplicon tag-sequencing from the Gulf of Mexico using, 18S rRNA primers to target the microeukaryotepopulation.","fastq"
"51","GOM23_S3_N8_18S","6782_GOM23_S3_N8_18S_DNA_orig_S34_L001_R1_001.fastq.gz, 6782_GOM23_S3_N8_18S_DNA_orig_S34_L001_R2_001.fastq.gz, 6782_GOM23_S3_N8_18S_DNA_S129_L001_R1_001.fastq.gz, 6782_GOM23_S3_N8_18S_DNA_S129_L001_R2_001.fastq.gz","GOM23_S3_N8_18S","Northern Gulf microbial ecology survey 2023","AMPLICON","GENOMIC","PCR","paired","ILLUMINA","NextSeq 2000","Amplicon tag-sequencing from the Gulf of Mexico using, 18S rRNA primers to target the microeukaryotepopulation.","fastq"
"52","GOM23_S3_N9_18S","6782_GOM23_S3_N9_18S_DNA_orig_S42_L001_R1_001.fastq.gz, 6782_GOM23_S3_N9_18S_DNA_orig_S42_L001_R2_001.fastq.gz, 6782_GOM23_S3_N9_18S_DNA_S137_L001_R1_001.fastq.gz, 6782_GOM23_S3_N9_18S_DNA_S137_L001_R2_001.fastq.gz","GOM23_S3_N9_18S","Northern Gulf microbial ecology survey 2023","AMPLICON","GENOMIC","PCR","paired","ILLUMINA","NextSeq 2000","Amplicon tag-sequencing from the Gulf of Mexico using, 18S rRNA primers to target the microeukaryotepopulation.","fastq"
"53","GOM23_S4_N10_18S","6782_GOM23_S4_N10_18S_DNA_orig_S19_L001_R1_001.fastq.gz, 6782_GOM23_S4_N10_18S_DNA_orig_S19_L001_R2_001.fastq.gz, 6782_GOM23_S4_N10_18S_DNA_S114_L001_R1_001.fastq.gz, 6782_GOM23_S4_N10_18S_DNA_S114_L001_R2_001.fastq.gz","GOM23_S4_N10_18S","Northern Gulf microbial ecology survey 2023","AMPLICON","GENOMIC","PCR","paired","ILLUMINA","NextSeq 2000","Amplicon tag-sequencing from the Gulf of Mexico using, 18S rRNA primers to target the microeukaryotepopulation.","fastq"
"54","GOM23_S4_N11_18S","6782_GOM23_S4_N11_18S_DNA_orig_S27_L001_R1_001.fastq.gz, 6782_GOM23_S4_N11_18S_DNA_orig_S27_L001_R2_001.fastq.gz, 6782_GOM23_S4_N11_18S_DNA_S122_L001_R1_001.fastq.gz, 6782_GOM23_S4_N11_18S_DNA_S122_L001_R2_001.fastq.gz","GOM23_S4_N11_18S","Northern Gulf microbial ecology survey 2023","AMPLICON","GENOMIC","PCR","paired","ILLUMINA","NextSeq 2000","Amplicon tag-sequencing from the Gulf of Mexico using, 18S rRNA primers to target the microeukaryotepopulation.","fastq"
"55","GOM23_S4_N1_18S","6782_GOM23_S4_N1_18S_DNA_orig_S58_L001_R1_001.fastq.gz, 6782_GOM23_S4_N1_18S_DNA_orig_S58_L001_R2_001.fastq.gz, 6782_GOM23_S4_N1_18S_DNA_S152_L001_R1_001.fastq.gz, 6782_GOM23_S4_N1_18S_DNA_S152_L001_R2_001.fastq.gz","GOM23_S4_N1_18S","Northern Gulf microbial ecology survey 2023","AMPLICON","GENOMIC","PCR","paired","ILLUMINA","NextSeq 2000","Amplicon tag-sequencing from the Gulf of Mexico using, 18S rRNA primers to target the microeukaryotepopulation.","fastq"
"56","GOM23_S4_N2_18S","6782_GOM23_S4_N2_18S_DNA_orig_S66_L001_R1_001.fastq.gz, 6782_GOM23_S4_N2_18S_DNA_orig_S66_L001_R2_001.fastq.gz, 6782_GOM23_S4_N2_18S_DNA_S160_L001_R1_001.fastq.gz, 6782_GOM23_S4_N2_18S_DNA_S160_L001_R2_001.fastq.gz","GOM23_S4_N2_18S","Northern Gulf microbial ecology survey 2023","AMPLICON","GENOMIC","PCR","paired","ILLUMINA","NextSeq 2000","Amplicon tag-sequencing from the Gulf of Mexico using, 18S rRNA primers to target the microeukaryotepopulation.","fastq"
"57","GOM23_S4_N3_18S","6782_GOM23_S4_N3_18S_DNA_orig_S73_L001_R1_001.fastq.gz, 6782_GOM23_S4_N3_18S_DNA_orig_S73_L001_R2_001.fastq.gz, 6782_GOM23_S4_N3_18S_DNA_S167_L001_R1_001.fastq.gz, 6782_GOM23_S4_N3_18S_DNA_S167_L001_R2_001.fastq.gz","GOM23_S4_N3_18S","Northern Gulf microbial ecology survey 2023","AMPLICON","GENOMIC","PCR","paired","ILLUMINA","NextSeq 2000","Amplicon tag-sequencing from the Gulf of Mexico using, 18S rRNA primers to target the microeukaryotepopulation.","fastq"
"58","GOM23_S4_N4_18S","6782_GOM23_S4_N4_18S_DNA_orig_S81_L001_R1_001.fastq.gz, 6782_GOM23_S4_N4_18S_DNA_orig_S81_L001_R2_001.fastq.gz, 6782_GOM23_S4_N4_18S_DNA_S175_L001_R1_001.fastq.gz, 6782_GOM23_S4_N4_18S_DNA_S175_L001_R2_001.fastq.gz","GOM23_S4_N4_18S","Northern Gulf microbial ecology survey 2023","AMPLICON","GENOMIC","PCR","paired","ILLUMINA","NextSeq 2000","Amplicon tag-sequencing from the Gulf of Mexico using, 18S rRNA primers to target the microeukaryotepopulation.","fastq"
"59","GOM23_S4_N5_18S","6782_GOM23_S4_N5_18S_DNA_orig_S89_L001_R1_001.fastq.gz, 6782_GOM23_S4_N5_18S_DNA_orig_S89_L001_R2_001.fastq.gz, 6782_GOM23_S4_N5_18S_DNA_S183_L001_R1_001.fastq.gz, 6782_GOM23_S4_N5_18S_DNA_S183_L001_R2_001.fastq.gz","GOM23_S4_N5_18S","Northern Gulf microbial ecology survey 2023","AMPLICON","GENOMIC","PCR","paired","ILLUMINA","NextSeq 2000","Amplicon tag-sequencing from the Gulf of Mexico using, 18S rRNA primers to target the microeukaryotepopulation.","fastq"
"60","GOM23_S4_N6_18S","6782_GOM23_S4_N6_18S_DNA_orig_S3_L001_R1_001.fastq.gz, 6782_GOM23_S4_N6_18S_DNA_orig_S3_L001_R2_001.fastq.gz, 6782_GOM23_S4_N6_18S_DNA_S98_L001_R1_001.fastq.gz, 6782_GOM23_S4_N6_18S_DNA_S98_L001_R2_001.fastq.gz","GOM23_S4_N6_18S","Northern Gulf microbial ecology survey 2023","AMPLICON","GENOMIC","PCR","paired","ILLUMINA","NextSeq 2000","Amplicon tag-sequencing from the Gulf of Mexico using, 18S rRNA primers to target the microeukaryotepopulation.","fastq"
"61","GOM23_S4_N9_18S","6782_GOM23_S4_N9_18S_DNA_orig_S11_L001_R1_001.fastq.gz, 6782_GOM23_S4_N9_18S_DNA_orig_S11_L001_R2_001.fastq.gz, 6782_GOM23_S4_N9_18S_DNA_S106_L001_R1_001.fastq.gz, 6782_GOM23_S4_N9_18S_DNA_S106_L001_R2_001.fastq.gz","GOM23_S4_N9_18S","Northern Gulf microbial ecology survey 2023","AMPLICON","GENOMIC","PCR","paired","ILLUMINA","NextSeq 2000","Amplicon tag-sequencing from the Gulf of Mexico using, 18S rRNA primers to target the microeukaryotepopulation.","fastq"
"62","GOM23_S5_N10_18S","6782_GOM23_S5_N10_18S_DNA_orig_S82_L001_R1_001.fastq.gz, 6782_GOM23_S5_N10_18S_DNA_orig_S82_L001_R2_001.fastq.gz, 6782_GOM23_S5_N10_18S_DNA_S176_L001_R1_001.fastq.gz, 6782_GOM23_S5_N10_18S_DNA_S176_L001_R2_001.fastq.gz","GOM23_S5_N10_18S","Northern Gulf microbial ecology survey 2023","AMPLICON","GENOMIC","PCR","paired","ILLUMINA","NextSeq 2000","Amplicon tag-sequencing from the Gulf of Mexico using, 18S rRNA primers to target the microeukaryotepopulation.","fastq"
"63","GOM23_S5_N11_18S","6782_GOM23_S5_N11_18S_DNA_orig_S90_L001_R1_001.fastq.gz, 6782_GOM23_S5_N11_18S_DNA_orig_S90_L001_R2_001.fastq.gz, 6782_GOM23_S5_N11_18S_DNA_S184_L001_R1_001.fastq.gz, 6782_GOM23_S5_N11_18S_DNA_S184_L001_R2_001.fastq.gz","GOM23_S5_N11_18S","Northern Gulf microbial ecology survey 2023","AMPLICON","GENOMIC","PCR","paired","ILLUMINA","NextSeq 2000","Amplicon tag-sequencing from the Gulf of Mexico using, 18S rRNA primers to target the microeukaryotepopulation.","fastq"
"64","GOM23_S5_N12_18S","6782_GOM23_S5_N12_18S_DNA_orig_S4_L001_R1_001.fastq.gz, 6782_GOM23_S5_N12_18S_DNA_orig_S4_L001_R2_001.fastq.gz, 6782_GOM23_S5_N12_18S_DNA_S99_L001_R1_001.fastq.gz, 6782_GOM23_S5_N12_18S_DNA_S99_L001_R2_001.fastq.gz","GOM23_S5_N12_18S","Northern Gulf microbial ecology survey 2023","AMPLICON","GENOMIC","PCR","paired","ILLUMINA","NextSeq 2000","Amplicon tag-sequencing from the Gulf of Mexico using, 18S rRNA primers to target the microeukaryotepopulation.","fastq"
"65","GOM23_S5_N1_18S","6782_GOM23_S5_N1_18S_DNA_orig_S35_L001_R1_001.fastq.gz, 6782_GOM23_S5_N1_18S_DNA_orig_S35_L001_R2_001.fastq.gz, 6782_GOM23_S5_N1_18S_DNA_S130_L001_R1_001.fastq.gz, 6782_GOM23_S5_N1_18S_DNA_S130_L001_R2_001.fastq.gz","GOM23_S5_N1_18S","Northern Gulf microbial ecology survey 2023","AMPLICON","GENOMIC","PCR","paired","ILLUMINA","NextSeq 2000","Amplicon tag-sequencing from the Gulf of Mexico using, 18S rRNA primers to target the microeukaryotepopulation.","fastq"
"66","GOM23_S5_N2_18S","6782_GOM23_S5_N2_18S_DNA_orig_S43_L001_R1_001.fastq.gz, 6782_GOM23_S5_N2_18S_DNA_orig_S43_L001_R2_001.fastq.gz","GOM23_S5_N2_18S","Northern Gulf microbial ecology survey 2023","AMPLICON","GENOMIC","PCR","paired","ILLUMINA","NextSeq 2000","Amplicon tag-sequencing from the Gulf of Mexico using, 18S rRNA primers to target the microeukaryotepopulation.","fastq"
"67","GOM23_S5_N3_18S","6782_GOM23_S5_N3_18S_DNA_orig_S51_L001_R1_001.fastq.gz, 6782_GOM23_S5_N3_18S_DNA_orig_S51_L001_R2_001.fastq.gz, 6782_GOM23_S5_N3_18S_DNA_S145_L001_R1_001.fastq.gz, 6782_GOM23_S5_N3_18S_DNA_S145_L001_R2_001.fastq.gz","GOM23_S5_N3_18S","Northern Gulf microbial ecology survey 2023","AMPLICON","GENOMIC","PCR","paired","ILLUMINA","NextSeq 2000","Amplicon tag-sequencing from the Gulf of Mexico using, 18S rRNA primers to target the microeukaryotepopulation.","fastq"
"68","GOM23_S5_N4_18S","6782_GOM23_S5_N4_18S_DNA_orig_S59_L001_R1_001.fastq.gz, 6782_GOM23_S5_N4_18S_DNA_orig_S59_L001_R2_001.fastq.gz, 6782_GOM23_S5_N4_18S_DNA_S153_L001_R1_001.fastq.gz, 6782_GOM23_S5_N4_18S_DNA_S153_L001_R2_001.fastq.gz","GOM23_S5_N4_18S","Northern Gulf microbial ecology survey 2023","AMPLICON","GENOMIC","PCR","paired","ILLUMINA","NextSeq 2000","Amplicon tag-sequencing from the Gulf of Mexico using, 18S rRNA primers to target the microeukaryotepopulation.","fastq"
"69","GOM23_S5_N5_18S","6782_GOM23_S5_N5_18S_DNA_orig_S67_L001_R1_001.fastq.gz, 6782_GOM23_S5_N5_18S_DNA_orig_S67_L001_R2_001.fastq.gz, 6782_GOM23_S5_N5_18S_DNA_S161_L001_R1_001.fastq.gz, 6782_GOM23_S5_N5_18S_DNA_S161_L001_R2_001.fastq.gz","GOM23_S5_N5_18S","Northern Gulf microbial ecology survey 2023","AMPLICON","GENOMIC","PCR","paired","ILLUMINA","NextSeq 2000","Amplicon tag-sequencing from the Gulf of Mexico using, 18S rRNA primers to target the microeukaryotepopulation.","fastq"
"70","GOM23_S5_N6_18S","6782_GOM23_S5_N6_18S_DNA_orig_S74_L001_R1_001.fastq.gz, 6782_GOM23_S5_N6_18S_DNA_orig_S74_L001_R2_001.fastq.gz, 6782_GOM23_S5_N6_18S_DNA_S168_L001_R1_001.fastq.gz, 6782_GOM23_S5_N6_18S_DNA_S168_L001_R2_001.fastq.gz","GOM23_S5_N6_18S","Northern Gulf microbial ecology survey 2023","AMPLICON","GENOMIC","PCR","paired","ILLUMINA","NextSeq 2000","Amplicon tag-sequencing from the Gulf of Mexico using, 18S rRNA primers to target the microeukaryotepopulation.","fastq"
"71","GOM23_S7_N10_18S","6782_GOM23_S7_N10_18S_DNA_orig_S68_L001_R1_001.fastq.gz, 6782_GOM23_S7_N10_18S_DNA_orig_S68_L001_R2_001.fastq.gz, 6782_GOM23_S7_N10_18S_DNA_S162_L001_R1_001.fastq.gz, 6782_GOM23_S7_N10_18S_DNA_S162_L001_R2_001.fastq.gz","GOM23_S7_N10_18S","Northern Gulf microbial ecology survey 2023","AMPLICON","GENOMIC","PCR","paired","ILLUMINA","NextSeq 2000","Amplicon tag-sequencing from the Gulf of Mexico using, 18S rRNA primers to target the microeukaryotepopulation.","fastq"
"72","GOM23_S7_N11_18S","6782_GOM23_S7_N11_18S_DNA_orig_S75_L001_R1_001.fastq.gz, 6782_GOM23_S7_N11_18S_DNA_orig_S75_L001_R2_001.fastq.gz, 6782_GOM23_S7_N11_18S_DNA_S169_L001_R1_001.fastq.gz, 6782_GOM23_S7_N11_18S_DNA_S169_L001_R2_001.fastq.gz","GOM23_S7_N11_18S","Northern Gulf microbial ecology survey 2023","AMPLICON","GENOMIC","PCR","paired","ILLUMINA","NextSeq 2000","Amplicon tag-sequencing from the Gulf of Mexico using, 18S rRNA primers to target the microeukaryotepopulation.","fastq"
"73","GOM23_S7_N12_18S","6782_GOM23_S7_N12_18S_DNA_orig_S83_L001_R1_001.fastq.gz, 6782_GOM23_S7_N12_18S_DNA_orig_S83_L001_R2_001.fastq.gz, 6782_GOM23_S7_N12_18S_DNA_S177_L001_R1_001.fastq.gz, 6782_GOM23_S7_N12_18S_DNA_S177_L001_R2_001.fastq.gz","GOM23_S7_N12_18S","Northern Gulf microbial ecology survey 2023","AMPLICON","GENOMIC","PCR","paired","ILLUMINA","NextSeq 2000","Amplicon tag-sequencing from the Gulf of Mexico using, 18S rRNA primers to target the microeukaryotepopulation.","fastq"
"74","GOM23_S7_N2_18S","6782_GOM23_S7_N2_18S_DNA_orig_S12_L001_R1_001.fastq.gz, 6782_GOM23_S7_N2_18S_DNA_orig_S12_L001_R2_001.fastq.gz, 6782_GOM23_S7_N2_18S_DNA_S107_L001_R1_001.fastq.gz, 6782_GOM23_S7_N2_18S_DNA_S107_L001_R2_001.fastq.gz","GOM23_S7_N2_18S","Northern Gulf microbial ecology survey 2023","AMPLICON","GENOMIC","PCR","paired","ILLUMINA","NextSeq 2000","Amplicon tag-sequencing from the Gulf of Mexico using, 18S rRNA primers to target the microeukaryotepopulation.","fastq"
"75","GOM23_S7_N3_18S","6782_GOM23_S7_N3_18S_DNA_orig_S20_L001_R1_001.fastq.gz, 6782_GOM23_S7_N3_18S_DNA_orig_S20_L001_R2_001.fastq.gz, 6782_GOM23_S7_N3_18S_DNA_S115_L001_R1_001.fastq.gz, 6782_GOM23_S7_N3_18S_DNA_S115_L001_R2_001.fastq.gz","GOM23_S7_N3_18S","Northern Gulf microbial ecology survey 2023","AMPLICON","GENOMIC","PCR","paired","ILLUMINA","NextSeq 2000","Amplicon tag-sequencing from the Gulf of Mexico using, 18S rRNA primers to target the microeukaryotepopulation.","fastq"
"76","GOM23_S7_N4_18S","6782_GOM23_S7_N4_18S_DNA_orig_S28_L001_R1_001.fastq.gz, 6782_GOM23_S7_N4_18S_DNA_orig_S28_L001_R2_001.fastq.gz, 6782_GOM23_S7_N4_18S_DNA_S123_L001_R1_001.fastq.gz, 6782_GOM23_S7_N4_18S_DNA_S123_L001_R2_001.fastq.gz","GOM23_S7_N4_18S","Northern Gulf microbial ecology survey 2023","AMPLICON","GENOMIC","PCR","paired","ILLUMINA","NextSeq 2000","Amplicon tag-sequencing from the Gulf of Mexico using, 18S rRNA primers to target the microeukaryotepopulation.","fastq"
"77","GOM23_S7_N5_18S","6782_GOM23_S7_N5_18S_DNA_orig_S36_L001_R1_001.fastq.gz, 6782_GOM23_S7_N5_18S_DNA_orig_S36_L001_R2_001.fastq.gz, 6782_GOM23_S7_N5_18S_DNA_S131_L001_R1_001.fastq.gz, 6782_GOM23_S7_N5_18S_DNA_S131_L001_R2_001.fastq.gz","GOM23_S7_N5_18S","Northern Gulf microbial ecology survey 2023","AMPLICON","GENOMIC","PCR","paired","ILLUMINA","NextSeq 2000","Amplicon tag-sequencing from the Gulf of Mexico using, 18S rRNA primers to target the microeukaryotepopulation.","fastq"
"78","GOM23_S7_N6_18S","6782_GOM23_S7_N6_18S_DNA_orig_S44_L001_R1_001.fastq.gz, 6782_GOM23_S7_N6_18S_DNA_orig_S44_L001_R2_001.fastq.gz, 6782_GOM23_S7_N6_18S_DNA_S138_L001_R1_001.fastq.gz, 6782_GOM23_S7_N6_18S_DNA_S138_L001_R2_001.fastq.gz","GOM23_S7_N6_18S","Northern Gulf microbial ecology survey 2023","AMPLICON","GENOMIC","PCR","paired","ILLUMINA","NextSeq 2000","Amplicon tag-sequencing from the Gulf of Mexico using, 18S rRNA primers to target the microeukaryotepopulation.","fastq"
"79","GOM23_S7_N7_18S","6782_GOM23_S7_N7_18S_DNA_orig_S52_L001_R1_001.fastq.gz, 6782_GOM23_S7_N7_18S_DNA_orig_S52_L001_R2_001.fastq.gz, 6782_GOM23_S7_N7_18S_DNA_S146_L001_R1_001.fastq.gz, 6782_GOM23_S7_N7_18S_DNA_S146_L001_R2_001.fastq.gz","GOM23_S7_N7_18S","Northern Gulf microbial ecology survey 2023","AMPLICON","GENOMIC","PCR","paired","ILLUMINA","NextSeq 2000","Amplicon tag-sequencing from the Gulf of Mexico using, 18S rRNA primers to target the microeukaryotepopulation.","fastq"
"80","GOM23_S7_N9_18S","6782_GOM23_S7_N9_18S_DNA_orig_S60_L001_R1_001.fastq.gz, 6782_GOM23_S7_N9_18S_DNA_orig_S60_L001_R2_001.fastq.gz, 6782_GOM23_S7_N9_18S_DNA_S154_L001_R1_001.fastq.gz, 6782_GOM23_S7_N9_18S_DNA_S154_L001_R2_001.fastq.gz","GOM23_S7_N9_18S","Northern Gulf microbial ecology survey 2023","AMPLICON","GENOMIC","PCR","paired","ILLUMINA","NextSeq 2000","Amplicon tag-sequencing from the Gulf of Mexico using, 18S rRNA primers to target the microeukaryotepopulation.","fastq"
"81","GOM23_S8_N10_18S","6782_GOM23_S8_N10_18S_DNA_orig_S53_L001_R1_001.fastq.gz, 6782_GOM23_S8_N10_18S_DNA_orig_S53_L001_R2_001.fastq.gz, 6782_GOM23_S8_N10_18S_DNA_S147_L001_R1_001.fastq.gz, 6782_GOM23_S8_N10_18S_DNA_S147_L001_R2_001.fastq.gz","GOM23_S8_N10_18S","Northern Gulf microbial ecology survey 2023","AMPLICON","GENOMIC","PCR","paired","ILLUMINA","NextSeq 2000","Amplicon tag-sequencing from the Gulf of Mexico using, 18S rRNA primers to target the microeukaryotepopulation.","fastq"
"82","GOM23_S8_N11_18S","6782_GOM23_S8_N11_18S_DNA_orig_S61_L001_R1_001.fastq.gz, 6782_GOM23_S8_N11_18S_DNA_orig_S61_L001_R2_001.fastq.gz, 6782_GOM23_S8_N11_18S_DNA_S155_L001_R1_001.fastq.gz, 6782_GOM23_S8_N11_18S_DNA_S155_L001_R2_001.fastq.gz","GOM23_S8_N11_18S","Northern Gulf microbial ecology survey 2023","AMPLICON","GENOMIC","PCR","paired","ILLUMINA","NextSeq 2000","Amplicon tag-sequencing from the Gulf of Mexico using, 18S rRNA primers to target the microeukaryotepopulation.","fastq"
"83","GOM23_S8_N1_18S","6782_GOM23_S8_N1_18S_DNA_orig_S91_L001_R1_001.fastq.gz, 6782_GOM23_S8_N1_18S_DNA_orig_S91_L001_R2_001.fastq.gz, 6782_GOM23_S8_N1_18S_DNA_S185_L001_R1_001.fastq.gz, 6782_GOM23_S8_N1_18S_DNA_S185_L001_R2_001.fastq.gz","GOM23_S8_N1_18S","Northern Gulf microbial ecology survey 2023","AMPLICON","GENOMIC","PCR","paired","ILLUMINA","NextSeq 2000","Amplicon tag-sequencing from the Gulf of Mexico using, 18S rRNA primers to target the microeukaryotepopulation.","fastq"
"84","GOM23_S8_N3_18S","6782_GOM23_S8_N3_18S_DNA_orig_S5_L001_R1_001.fastq.gz, 6782_GOM23_S8_N3_18S_DNA_orig_S5_L001_R2_001.fastq.gz, 6782_GOM23_S8_N3_18S_DNA_S100_L001_R1_001.fastq.gz, 6782_GOM23_S8_N3_18S_DNA_S100_L001_R2_001.fastq.gz","GOM23_S8_N3_18S","Northern Gulf microbial ecology survey 2023","AMPLICON","GENOMIC","PCR","paired","ILLUMINA","NextSeq 2000","Amplicon tag-sequencing from the Gulf of Mexico using, 18S rRNA primers to target the microeukaryotepopulation.","fastq"
"85","GOM23_S8_N4_18S","6782_GOM23_S8_N4_18S_DNA_orig_S13_L001_R1_001.fastq.gz, 6782_GOM23_S8_N4_18S_DNA_orig_S13_L001_R2_001.fastq.gz, 6782_GOM23_S8_N4_18S_DNA_S108_L001_R1_001.fastq.gz, 6782_GOM23_S8_N4_18S_DNA_S108_L001_R2_001.fastq.gz","GOM23_S8_N4_18S","Northern Gulf microbial ecology survey 2023","AMPLICON","GENOMIC","PCR","paired","ILLUMINA","NextSeq 2000","Amplicon tag-sequencing from the Gulf of Mexico using, 18S rRNA primers to target the microeukaryotepopulation.","fastq"
"86","GOM23_S8_N5_18S","6782_GOM23_S8_N5_18S_DNA_orig_S21_L001_R1_001.fastq.gz, 6782_GOM23_S8_N5_18S_DNA_orig_S21_L001_R2_001.fastq.gz, 6782_GOM23_S8_N5_18S_DNA_S116_L001_R1_001.fastq.gz, 6782_GOM23_S8_N5_18S_DNA_S116_L001_R2_001.fastq.gz","GOM23_S8_N5_18S","Northern Gulf microbial ecology survey 2023","AMPLICON","GENOMIC","PCR","paired","ILLUMINA","NextSeq 2000","Amplicon tag-sequencing from the Gulf of Mexico using, 18S rRNA primers to target the microeukaryotepopulation.","fastq"
"87","GOM23_S8_N7_18S","6782_GOM23_S8_N7_18S_DNA_orig_S29_L001_R1_001.fastq.gz, 6782_GOM23_S8_N7_18S_DNA_orig_S29_L001_R2_001.fastq.gz, 6782_GOM23_S8_N7_18S_DNA_S124_L001_R1_001.fastq.gz, 6782_GOM23_S8_N7_18S_DNA_S124_L001_R2_001.fastq.gz","GOM23_S8_N7_18S","Northern Gulf microbial ecology survey 2023","AMPLICON","GENOMIC","PCR","paired","ILLUMINA","NextSeq 2000","Amplicon tag-sequencing from the Gulf of Mexico using, 18S rRNA primers to target the microeukaryotepopulation.","fastq"
"88","GOM23_S8_N8_18S","6782_GOM23_S8_N8_18S_DNA_orig_S37_L001_R1_001.fastq.gz, 6782_GOM23_S8_N8_18S_DNA_orig_S37_L001_R2_001.fastq.gz, 6782_GOM23_S8_N8_18S_DNA_S132_L001_R1_001.fastq.gz, 6782_GOM23_S8_N8_18S_DNA_S132_L001_R2_001.fastq.gz","GOM23_S8_N8_18S","Northern Gulf microbial ecology survey 2023","AMPLICON","GENOMIC","PCR","paired","ILLUMINA","NextSeq 2000","Amplicon tag-sequencing from the Gulf of Mexico using, 18S rRNA primers to target the microeukaryotepopulation.","fastq"
"89","GOM23_S8_N9_18S","6782_GOM23_S8_N9_18S_DNA_orig_S45_L001_R1_001.fastq.gz, 6782_GOM23_S8_N9_18S_DNA_orig_S45_L001_R2_001.fastq.gz, 6782_GOM23_S8_N9_18S_DNA_S139_L001_R1_001.fastq.gz, 6782_GOM23_S8_N9_18S_DNA_S139_L001_R2_001.fastq.gz","GOM23_S8_N9_18S","Northern Gulf microbial ecology survey 2023","AMPLICON","GENOMIC","PCR","paired","ILLUMINA","NextSeq 2000","Amplicon tag-sequencing from the Gulf of Mexico using, 18S rRNA primers to target the microeukaryotepopulation.","fastq"
"90","GOM23_S9_N5_18S","6782_GOM23_S9_N5_18S_DNA_orig_S76_L001_R1_001.fastq.gz, 6782_GOM23_S9_N5_18S_DNA_orig_S76_L001_R2_001.fastq.gz, 6782_GOM23_S9_N5_18S_DNA_S170_L001_R1_001.fastq.gz, 6782_GOM23_S9_N5_18S_DNA_S170_L001_R2_001.fastq.gz","GOM23_S9_N5_18S","Northern Gulf microbial ecology survey 2023","AMPLICON","GENOMIC","PCR","paired","ILLUMINA","NextSeq 2000","Amplicon tag-sequencing from the Gulf of Mexico using, 18S rRNA primers to target the microeukaryotepopulation.","fastq"
"91","GOM23_S9_N9_18S","6782_GOM23_S9_N9_18S_DNA_orig_S84_L001_R1_001.fastq.gz, 6782_GOM23_S9_N9_18S_DNA_orig_S84_L001_R2_001.fastq.gz, 6782_GOM23_S9_N9_18S_DNA_S178_L001_R1_001.fastq.gz, 6782_GOM23_S9_N9_18S_DNA_S178_L001_R2_001.fastq.gz","GOM23_S9_N9_18S","Northern Gulf microbial ecology survey 2023","AMPLICON","GENOMIC","PCR","paired","ILLUMINA","NextSeq 2000","Amplicon tag-sequencing from the Gulf of Mexico using, 18S rRNA primers to target the microeukaryotepopulation.","fastq"
