Classification,Supergroup_class,Feeding_mode,Morphotype (abbreviation),MORPHOTYPE,ASV_count,Collapsed_lineage
TSAR-Ciliophora,Ciliophora-CONTH_6,NA,NA,NA,2,Eukaryota;TSAR;Alveolata;Ciliophora;CONTH_6;CONTH_6_X;CONTH_6_XX;CONTH_6_XXX;CONTH_6_XXX_sp.;
TSAR-Ciliophora,Ciliophora-CONTH_8,Heterotroph,GH/PA,Generalist heterotroph/parasite,2,Eukaryota;TSAR;Alveolata;Ciliophora;CONTH_8;CONTH_8_X;CONTH_8_XX;CONTH_8_XXX;CONTH_8_XXX_sp.;
TSAR-Ciliophora,Ciliophora-CONThreeP,Heterotroph,CV,"Generalist, carnivore heterotroph",8,Eukaryota;TSAR;Alveolata;Ciliophora;CONThreeP;CONThreeP_X;CONThreeP_XX;Askenasia;Askenasia_sp.;
TSAR-Ciliophora,Ciliophora-CONThreeP,Heterotroph,SH,Selective heterotroph,86,Eukaryota;TSAR;Alveolata;Ciliophora;CONThreeP;CONThreeP_X;Discotrichidae;NASSO_1;NASSO_1_sp.;
TSAR-Ciliophora,Ciliophora-CONThreeP,NA,NA,NA,3,Eukaryota;TSAR;Alveolata;Ciliophora;CONThreeP;CONThreeP_X;CONThreeP_XX;CONThreeP_XXX;CONThreeP_XXX_sp.;
TSAR-Ciliophora,Ciliophora-Ciliophora_X,NA,NA,NA,5,Eukaryota;TSAR;Alveolata;Ciliophora;Ciliophora_X;Ciliophora_XX;Protocruziidae;Protocruzia;Protocruzia_sp.;
TSAR-Ciliophora,Ciliophora-Colpodea,NA,NA,NA,1,Eukaryota;TSAR;Alveolata;Ciliophora;Colpodea;Colpodea_X;Colpodida;Colpoda
TSAR-Ciliophora,Ciliophora-Heterotrichea,NA,NA,NA,1,Eukaryota;TSAR;Alveolata;Ciliophora;Heterotrichea;Heterotrichea_X;Peritromidae;Peritromus;Peritromus_sp.;
TSAR-Ciliophora,Ciliophora-Litostomatea,NA,NA,NA,8,"Eukaryota;TSAR;Alveolata;Ciliophora;Litostomatea;Litostomatea_X;Litostomatea_XX, Eukaryota;TSAR;Alveolata;Ciliophora;Litostomatea;Haptoria_5;Pleurostomatida, Eukaryota;TSAR;Alveolata;Ciliophora;Litostomatea;Haptoria_6;Lacrymariidae, Eukaryota;TSAR;Alveolata;Ciliophora;Litostomatea"
TSAR-Ciliophora,Ciliophora-Oligohymenophorea,Heterotroph,GH,Generalist Heterotroph,120,Eukaryota;TSAR;Alveolata;Ciliophora;Oligohymenophorea;OLIGO5;OLIGO5_X;OLIGO5_XX;OLIGO5_XX_sp.;
TSAR-Ciliophora,Ciliophora-Oligohymenophorea,Heterotroph,PA,Parasite,19,"Eukaryota;TSAR;Alveolata;Ciliophora;Oligohymenophorea;Apostomatia;Opalinopsidae;Chromidina;Chromidina_sp.;, Eukaryota;TSAR;Alveolata;Ciliophora;Oligohymenophorea;Apostomatia;Apostomatia_X;Apostomatia_XX;Apostomatia_XX_sp.;"
TSAR-Ciliophora,Ciliophora-Oligohymenophorea,NA,NA,NA,77,"Eukaryota;TSAR;Alveolata;Ciliophora;Oligohymenophorea;Scuticociliatia_1;Philasterida, Eukaryota;TSAR;Alveolata;Ciliophora;Oligohymenophorea;Oligohymenophorea_X;Oligohymenophorea_XX, Eukaryota;TSAR;Alveolata;Ciliophora;Oligohymenophorea;Apostomatia, Eukaryota;TSAR;Alveolata;Ciliophora;Oligohymenophorea;Peritrichia_2;Sessilida;Campanella, Eukaryota;TSAR;Alveolata;Ciliophora;Oligohymenophorea;Peniculia;Parameciidae;Paramecium;Paramecium_caudatum;, Eukaryota;TSAR;Alveolata;Ciliophora;Oligohymenophorea;Peritrichia_2, Eukaryota;TSAR;Alveolata;Ciliophora;Oligohymenophorea;Hymenostomatia;Ophryoglenida;Ichthyophthirius;Ichthyophthirius_multifiliis;, Eukaryota;TSAR;Alveolata;Ciliophora;Oligohymenophorea;Apostomatia;Pseudocolliniidae;Pseudocollinia, Eukaryota;TSAR;Alveolata;Ciliophora;Oligohymenophorea;Apostomatia;Foettingeriidae, Eukaryota;TSAR;Alveolata;Ciliophora;Oligohymenophorea;Scuticociliatia_1, Eukaryota;TSAR;Alveolata;Ciliophora;Oligohymenophorea, Eukaryota;TSAR;Alveolata;Ciliophora;Oligohymenophorea;Oligohymenophorea_X;Oligohymenophorea_XX;Cardiostomatella;Cardiostomatella_sp.;, Eukaryota;TSAR;Alveolata;Ciliophora;Oligohymenophorea;Peniculia;Frontoniidae_2;Frontoniidae_2_X;Frontoniidae_2_X_sp.;, Eukaryota;TSAR;Alveolata;Ciliophora;Oligohymenophorea;Peritrichia_2;Sessilida;Sessilida_X;Sessilida_X_sp.;, Eukaryota;TSAR;Alveolata;Ciliophora;Oligohymenophorea;Peniculia;Parameciidae;Paramecium, Eukaryota;TSAR;Alveolata;Ciliophora;Oligohymenophorea;Peritrichia_2;Sessilida"
TSAR-Ciliophora,Ciliophora-Phyllopharyngea,NA,NA,NA,53,"Eukaryota;TSAR;Alveolata;Ciliophora;Phyllopharyngea;Cyrtophoria_1;PHYLL_4;PHYLL_4_X;PHYLL_4_X_sp.;, Eukaryota;TSAR;Alveolata;Ciliophora;Phyllopharyngea;Cyrtophoria_4;Chilodonellidae;Trithigmostoma, Eukaryota;TSAR;Alveolata;Ciliophora;Phyllopharyngea;Synhymenia;Orthodonellidae, Eukaryota;TSAR;Alveolata;Ciliophora;Phyllopharyngea;Cyrtophoria_8;Dysteriidae;Dysteria;Dysteria_ovalis;, Eukaryota;TSAR;Alveolata;Ciliophora;Phyllopharyngea;Cyrtophoria_2;Lynchellidae_1, Eukaryota;TSAR;Alveolata;Ciliophora;Phyllopharyngea;Suctoria;Suctoria_X;Suctoria_XX;Suctoria_XX_sp.;, Eukaryota;TSAR;Alveolata;Ciliophora;Phyllopharyngea;Suctoria, Eukaryota;TSAR;Alveolata;Ciliophora;Phyllopharyngea;Suctoria;Acinetidae_1;Acinetidae_1_X;Acinetidae_1_X_sp.;, Eukaryota;TSAR;Alveolata;Ciliophora;Phyllopharyngea;Cyrtophoria_2;Lynchellidae_1;Chlamydonellopsis, Eukaryota;TSAR;Alveolata;Ciliophora;Phyllopharyngea;Suctoria;Endogenida_2;Endogenida_2_X;Endogenida_2_X_sp.;"
TSAR-Ciliophora,Ciliophora-Prostomatea,NA,NA,NA,1,Eukaryota;TSAR;Alveolata;Ciliophora;Prostomatea;Prorodontida;Urotrichidae;Urotricha;Urotricha_sp.;
TSAR-Ciliophora,Ciliophora-Prostomatea_1,NA,NA,NA,4,Eukaryota;TSAR;Alveolata;Ciliophora;Prostomatea_1;Prostomatea_1_X;Colepidae
TSAR-Ciliophora,Ciliophora-Spirotrichea,Heterotroph,GH,Generalist Heterotroph,1,Eukaryota;TSAR;Alveolata;Ciliophora;Spirotrichea;Choreotrichida;Strobilidiidae;Rimostrombidium;Rimostrombidium_sp.;
TSAR-Ciliophora,Ciliophora-Spirotrichea,Heterotroph,SH,Selective heterotroph,1,Eukaryota;TSAR;Alveolata;Ciliophora;Spirotrichea;Choreotrichida-Tintinnina;Favellidae;Favella;Favella_ehrenbergii;
TSAR-Ciliophora,Ciliophora-Spirotrichea,NA,NA,NA,400,"Eukaryota;TSAR;Alveolata;Ciliophora;Spirotrichea;Choreotrichida;Strobilidiidae;Strobilidiidae_X;Strobilidiidae_X_sp.;, Eukaryota;TSAR;Alveolata;Ciliophora;Spirotrichea;Choreotrichida, Eukaryota;TSAR;Alveolata;Ciliophora;Spirotrichea;Choreotrichida;Choreotrichida_X;Choreotrichida_XX;Choreotrichida_XX_sp.;, Eukaryota;TSAR;Alveolata;Ciliophora;Spirotrichea;Choreotrichida;Strobilidiidae, Eukaryota;TSAR;Alveolata;Ciliophora;Spirotrichea;Oligotrichida;Strombidiidae;Strombidiidae_X;Strombidiidae_X_sp.;, Eukaryota;TSAR;Alveolata;Ciliophora;Spirotrichea;Choreotrichida;Strobilidiidae;Pelagostrobilidium;Pelagostrobilidium_sp.;, Eukaryota;TSAR;Alveolata;Ciliophora;Spirotrichea;Choreotrichida-Tintinnina;Undellidae;Undellidae_X;Undellidae_X_sp.;, Eukaryota;TSAR;Alveolata;Ciliophora;Spirotrichea;Choreotrichida-Tintinnina;Eutintinnidae;Eutintinnus, Eukaryota;TSAR;Alveolata;Ciliophora;Spirotrichea;Oligotrichida;Oligotrichida_X;Oligotrichida_XX;Oligotrichida_XX_sp.;, Eukaryota;TSAR;Alveolata;Ciliophora;Spirotrichea;Oligotrichida;Strombidiidae, Eukaryota;TSAR;Alveolata;Ciliophora;Spirotrichea;Choreotrichida-Tintinnina;Tintinnidae;Tintinnidae_X;Tintinnidae_X_sp.;, Eukaryota;TSAR;Alveolata;Ciliophora;Spirotrichea;Hypotrichia;Oxytrichidae, Eukaryota;TSAR;Alveolata;Ciliophora;Spirotrichea;Oligotrichida;Tontoniidae;Pseudotontonia;Pseudotontonia_sp.;, Eukaryota;TSAR;Alveolata;Ciliophora;Spirotrichea;Oligotrichida;Tontoniidae, Eukaryota;TSAR;Alveolata;Ciliophora;Spirotrichea;Oligotrichida;Tontoniidae;Laboea, Eukaryota;TSAR;Alveolata;Ciliophora;Spirotrichea;Oligotrichida, Eukaryota;TSAR;Alveolata;Ciliophora;Spirotrichea;Choreotrichida-Tintinnina, Eukaryota;TSAR;Alveolata;Ciliophora;Spirotrichea;Choreotrichida-Tintinnina;Xystonellidae, Eukaryota;TSAR;Alveolata;Ciliophora;Spirotrichea, Eukaryota;TSAR;Alveolata;Ciliophora;Spirotrichea;Choreotrichida-Tintinnina;TIN_02, Eukaryota;TSAR;Alveolata;Ciliophora;Spirotrichea;Choreotrichida-Tintinnina;TIN_03;Tintinnopsis_03, Eukaryota;TSAR;Alveolata;Ciliophora;Spirotrichea;Choreotrichida-Tintinnina;Rhabdonellidae, Eukaryota;TSAR;Alveolata;Ciliophora;Spirotrichea;Euplotia;Aspidiscidae;Aspidisca;Aspidisca_sp.;, Eukaryota;TSAR;Alveolata;Ciliophora;Spirotrichea;Choreotrichida;Strobilidiidae;Pelagostrobilidium, Eukaryota;TSAR;Alveolata;Ciliophora;Spirotrichea;Euplotia;Aspidiscidae;Aspidisca, Eukaryota;TSAR;Alveolata;Ciliophora;Spirotrichea;Hypotrichia, Eukaryota;TSAR;Alveolata;Ciliophora;Spirotrichea;Choreotrichida-Tintinnina;Dictyocystidae, Eukaryota;TSAR;Alveolata;Ciliophora;Spirotrichea;Choreotrichida-Tintinnina;Rhabdonellidae;Rhabdonella, Eukaryota;TSAR;Alveolata;Ciliophora;Spirotrichea;Choreotrichida-Tintinnina;TIN_07;Tintinnopsis_07, Eukaryota;TSAR;Alveolata;Ciliophora;Spirotrichea;Choreotrichida-Tintinnina;Tintinnidae, Eukaryota;TSAR;Alveolata;Ciliophora;Spirotrichea;Choreotrichida-Tintinnina;Tintinnidiidae, Eukaryota;TSAR;Alveolata;Ciliophora;Spirotrichea;Choreotrichida;Strombidinopsidae;Strombidinopsis, Eukaryota;TSAR;Alveolata;Ciliophora;Spirotrichea;Oligotrichida;Tontoniidae;Tontoniidae_X;Tontoniidae_X_sp.;, Eukaryota;TSAR;Alveolata;Ciliophora;Spirotrichea;Euplotia;Uronychiidae;Uronychia, Eukaryota;TSAR;Alveolata;Ciliophora;Spirotrichea;Choreotrichida;Lynnellidae;Lynnella;Lynnella_sp.;, Eukaryota;TSAR;Alveolata;Ciliophora;Spirotrichea;Choreotrichida-Tintinnina;Eutintinnidae"
TSAR-Ciliophora,Ciliophora-Unannotated,NA,NA,NA,7,Eukaryota;TSAR;Alveolata;Ciliophora
TSAR-Dinoflagellata,Dinoflagellata-Dinophyceae,Autotroph,,Autotroph,2,Eukaryota;TSAR;Alveolata;Dinoflagellata;Dinophyceae;Gonyaulacales;Pyrocystaceae;Alexandrium;Alexandrium_affine;
TSAR-Dinoflagellata,Dinoflagellata-Dinophyceae,Heterotroph,SH,Selective heterotroph,13,Eukaryota;TSAR;Alveolata;Dinoflagellata;Dinophyceae;Gymnodiniales;Gymnodiniaceae;Gyrodinium;Gyrodinium_fusiforme;
TSAR-Dinoflagellata,Dinoflagellata-Dinophyceae,Mixotroph,CM,Constitutive mixotroph,72,"Eukaryota;TSAR;Alveolata;Dinoflagellata;Dinophyceae;Gymnodiniales;Gymnodiniaceae;Gymnodinium;Gymnodinium_sp.;, Eukaryota;TSAR;Alveolata;Dinoflagellata;Dinophyceae;Gonyaulacales;Gonyaulacaceae;Gonyaulax;Gonyaulax_polygramma;, Eukaryota;TSAR;Alveolata;Dinoflagellata;Dinophyceae;Gymnodiniales;Gymnodiniales_X;Levanderina;Levanderina_fissa;, Eukaryota;TSAR;Alveolata;Dinoflagellata;Dinophyceae;Gymnodiniales;Kareniaceae;Karlodinium;Karlodinium_veneficum;, Eukaryota;TSAR;Alveolata;Dinoflagellata;Dinophyceae;Gymnodiniales;Gymnodiniaceae;Margalefidinium;Margalefidinium_polykrikoides;, Eukaryota;TSAR;Alveolata;Dinoflagellata;Dinophyceae;Gymnodiniales;Gymnodiniales_X;Grammatodinium;Grammatodinium_tongyeonginum;, Eukaryota;TSAR;Alveolata;Dinoflagellata;Dinophyceae;Peridiniales;Heterocapsaceae;Heterocapsa;Heterocapsa_nei/rotundata;, Eukaryota;TSAR;Alveolata;Dinoflagellata;Dinophyceae;Gonyaulacales;Pyrocystaceae;Alexandrium;Alexandrium_ostenfeldii;, Eukaryota;TSAR;Alveolata;Dinoflagellata;Dinophyceae;Prorocentrales;Prorocentraceae;Prorocentrum;Prorocentrum_donghaiense;"
TSAR-Dinoflagellata,Dinoflagellata-Dinophyceae,Mixotroph,CM*,Constitutive mixotroph,5,Eukaryota;TSAR;Alveolata;Dinoflagellata;Dinophyceae;Peridiniales;Amphidomataceae;Amphidoma;Amphidoma_languida;
TSAR-Dinoflagellata,Dinoflagellata-Dinophyceae,Mixotroph,CM/PA,Constitutive mixotroph/parasite,11,Eukaryota;TSAR;Alveolata;Dinoflagellata;Dinophyceae;Peridiniales;Thoracosphaeraceae;Pentapharsodinium;Pentapharsodinium_sp.;
TSAR-Dinoflagellata,Dinoflagellata-Dinophyceae,Mixotroph,pSNCM,Plastid bearing Specialist Non-Constitutive Mixotroph,2,Eukaryota;TSAR;Alveolata;Dinoflagellata;Dinophyceae;Peridiniales;Thoracosphaeraceae;Pfiesteria;Pfiesteria_piscicida;
TSAR-Dinoflagellata,Dinoflagellata-Dinophyceae,NA,NA,NA,1703,"Eukaryota;TSAR;Alveolata;Dinoflagellata;Dinophyceae;Peridiniales;Amphidiniopsidaceae;Archaeperidinium, Eukaryota;TSAR;Alveolata;Dinoflagellata;Dinophyceae, Eukaryota;TSAR;Alveolata;Dinoflagellata;Dinophyceae;Dinophyceae_X;Dinophyceae_XX;Dinophyceae_XXX;Dinophyceae_XXX_sp.;, Eukaryota;TSAR;Alveolata;Dinoflagellata;Dinophyceae;Suessiales;Suessiaceae, Eukaryota;TSAR;Alveolata;Dinoflagellata;Dinophyceae;Gymnodiniales;Kareniaceae;Karlodinium, Eukaryota;TSAR;Alveolata;Dinoflagellata;Dinophyceae;Prorocentrales;Prorocentraceae;Prorocentrum;Prorocentrum_sp.;, Eukaryota;TSAR;Alveolata;Dinoflagellata;Dinophyceae;Peridiniales;Amphidomataceae;Azadinium, Eukaryota;TSAR;Alveolata;Dinoflagellata;Dinophyceae;Gymnodiniales;Gymnodiniaceae;Lepidodinium, Eukaryota;TSAR;Alveolata;Dinoflagellata;Dinophyceae;Dinophysiales;Oxyphysiaceae;Phalachroma, Eukaryota;TSAR;Alveolata;Dinoflagellata;Dinophyceae;Peridiniales, Eukaryota;TSAR;Alveolata;Dinoflagellata;Dinophyceae;Gonyaulacales;Ceratiaceae;Tripos, Eukaryota;TSAR;Alveolata;Dinoflagellata;Dinophyceae;Gymnodiniales;Kareniaceae;Karlodinium;Karlodinium_sp.;, Eukaryota;TSAR;Alveolata;Dinoflagellata;Dinophyceae;Gymnodiniales;Gymnodiniaceae, Eukaryota;TSAR;Alveolata;Dinoflagellata;Dinophyceae;Peridiniales;Thoracosphaeraceae, Eukaryota;TSAR;Alveolata;Dinoflagellata;Dinophyceae;Gonyaulacales, Eukaryota;TSAR;Alveolata;Dinoflagellata;Dinophyceae;Peridiniales;Heterocapsaceae;Heterocapsa, Eukaryota;TSAR;Alveolata;Dinoflagellata;Dinophyceae;Gymnodiniales, Eukaryota;TSAR;Alveolata;Dinoflagellata;Dinophyceae;Gymnodiniales;Kareniaceae, Eukaryota;TSAR;Alveolata;Dinoflagellata;Dinophyceae;Gonyaulacales;Gonyaulacaceae, Eukaryota;TSAR;Alveolata;Dinoflagellata;Dinophyceae;Peridiniales;Thoracosphaeraceae;Scrippsiella, Eukaryota;TSAR;Alveolata;Dinoflagellata;Dinophyceae;Gymnodiniales;Gymnodiniaceae;Gymnodinium, Eukaryota;TSAR;Alveolata;Dinoflagellata;Dinophyceae;Gymnodiniales;Gymnodiniaceae;Gyrodinium, Eukaryota;TSAR;Alveolata;Dinoflagellata;Dinophyceae;Gonyaulacales;Gonyaulacaceae;Gonyaulax, Eukaryota;TSAR;Alveolata;Dinoflagellata;Dinophyceae;Gonyaulacales;Protoceratiaceae, Eukaryota;TSAR;Alveolata;Dinoflagellata;Dinophyceae;Dinophysiales;Dinophysiaceae, Eukaryota;TSAR;Alveolata;Dinoflagellata;Dinophyceae;Gonyaulacales;Pyrocystaceae, Eukaryota;TSAR;Alveolata;Dinoflagellata;Dinophyceae;Peridiniales;Blastodiniaceae;Blastodinium, Eukaryota;TSAR;Alveolata;Dinoflagellata;Dinophyceae;Gonyaulacales;Gonyaulacales_X;Carinadinium;Carinadinium_ovatum;, Eukaryota;TSAR;Alveolata;Dinoflagellata;Dinophyceae;Prorocentrales;Prorocentraceae;Prorocentrum, Eukaryota;TSAR;Alveolata;Dinoflagellata;Dinophyceae;Gonyaulacales;Pyrocystaceae;Alexandrium, Eukaryota;TSAR;Alveolata;Dinoflagellata;Dinophyceae;Suessiales;Symbiodiniaceae, Eukaryota;TSAR;Alveolata;Dinoflagellata;Dinophyceae;Dinophyceae_X, Eukaryota;TSAR;Alveolata;Dinoflagellata;Dinophyceae;Peridiniales;Thoracosphaeraceae;Scrippsiella;Scrippsiella_sp.;, Eukaryota;TSAR;Alveolata;Dinoflagellata;Dinophyceae;Dinophyceae_X;Dinophyceae_XX, Eukaryota;TSAR;Alveolata;Dinoflagellata;Dinophyceae;Peridiniales;Peridiniales_X;Sabulodinium;Sabulodinium_undulatum;, Eukaryota;TSAR;Alveolata;Dinoflagellata;Dinophyceae;Suessiales;Suessiaceae;Pelagodinium, Eukaryota;TSAR;Alveolata;Dinoflagellata;Dinophyceae;Gymnodiniales;Warnowiaceae;Proterythropsis;Proterythropsis_sp.;, Eukaryota;TSAR;Alveolata;Dinoflagellata;Dinophyceae;Gonyaulacales;Gonyaulacaceae;Gonyaulax;Gonyaulax_elongata;, Eukaryota;TSAR;Alveolata;Dinoflagellata;Dinophyceae;Peridiniales;Amphidiniopsidaceae;Islandinium, Eukaryota;TSAR;Alveolata;Dinoflagellata;Dinophyceae;Gymnodiniales;Warnowiaceae, Eukaryota;TSAR;Alveolata;Dinoflagellata;Dinophyceae;Peridiniales;Amphidomataceae, Eukaryota;TSAR;Alveolata;Dinoflagellata;Dinophyceae;Gymnodiniales;Kareniaceae;Karenia, Eukaryota;TSAR;Alveolata;Dinoflagellata;Dinophyceae;Peridiniales;Peridiniales_X;Brandtodinium;Brandtodinium_nutricula;, Eukaryota;TSAR;Alveolata;Dinoflagellata;Dinophyceae;Gonyaulacales;Pyrocystaceae;Pyrodinium, Eukaryota;TSAR;Alveolata;Dinoflagellata;Dinophyceae;Suessiales;Suessiaceae;Biecheleriopsis, Eukaryota;TSAR;Alveolata;Dinoflagellata;Dinophyceae;Suessiales;Suessiaceae;Suessiaceae_X;Suessiaceae_X_sp.;"
TSAR-Dinoflagellata,Dinoflagellata-Dinophyta_X,NA,NA,NA,14,Eukaryota;TSAR;Alveolata;Dinoflagellata;Dinophyta_X;Dinophyta_XX;Dinophyta_XXX;Dinophyta_XXXX;Dinophyta_XXXX_sp.;
TSAR-Dinoflagellata,Dinoflagellata-Noctilucophyceae,NA,NA,NA,5,"Eukaryota;TSAR;Alveolata;Dinoflagellata;Noctilucophyceae;Noctilucales;Kofoidiniaceae;Kofoidinium;Kofoidinium_sp.;, Eukaryota;TSAR;Alveolata;Dinoflagellata;Noctilucophyceae;Noctilucales;Noctilucaceae"
TSAR-Dinoflagellata,Dinoflagellata-Syndiniales,Heterotroph,PA,Parasite,3611,"Eukaryota;TSAR;Alveolata;Dinoflagellata;Syndiniales;Dino-Group-II, Eukaryota;TSAR;Alveolata;Dinoflagellata;Syndiniales;Dino-Group-II;Dino-Group-II-Clade-1;Dino-Group-II-Clade-1_X;Dino-Group-II-Clade-1_X_sp.;, Eukaryota;TSAR;Alveolata;Dinoflagellata;Syndiniales;Dino-Group-II;Dino-Group-II-Clade-35;Dino-Group-II-Clade-35_X;Dino-Group-II-Clade-35_X_sp.;, Eukaryota;TSAR;Alveolata;Dinoflagellata;Syndiniales;Dino-Group-I;Dino-Group-I-Clade-4;Dino-Group-I-Clade-4_X;Dino-Group-I-Clade-4_X_sp.;, Eukaryota;TSAR;Alveolata;Dinoflagellata;Syndiniales;Dino-Group-I;Dino-Group-I-Clade-2;Dino-Group-I-Clade-2_X;Dino-Group-I-Clade-2_X_sp.;, Eukaryota;TSAR;Alveolata;Dinoflagellata;Syndiniales;Dino-Group-I;Dino-Group-I-Clade-1;Dino-Group-I-Clade-1_X;Dino-Group-I-Clade-1_X_sp.;, Eukaryota;TSAR;Alveolata;Dinoflagellata;Syndiniales;Dino-Group-II;Dino-Group-II-Clade-17;Dino-Group-II-Clade-17_X;Dino-Group-II-Clade-17_X_sp.;, Eukaryota;TSAR;Alveolata;Dinoflagellata;Syndiniales;Dino-Group-I;Dino-Group-I_X;Dino-Group-I_XX;Dino-Group-I_XX_sp.;, Eukaryota;TSAR;Alveolata;Dinoflagellata;Syndiniales;Dino-Group-II;Dino-Group-II-Clade-21;Dino-Group-II-Clade-21_X;Dino-Group-II-Clade-21_X_sp.;, Eukaryota;TSAR;Alveolata;Dinoflagellata;Syndiniales;Dino-Group-I;Dino-Group-I-Clade-5;Dino-Group-I-Clade-5_X;Dino-Group-I-Clade-5_X_sp.;, Eukaryota;TSAR;Alveolata;Dinoflagellata;Syndiniales;Dino-Group-II;Dino-Group-II-Clade-6;Dino-Group-II-Clade-6_X;Dino-Group-II-Clade-6_X_sp.;, Eukaryota;TSAR;Alveolata;Dinoflagellata;Syndiniales;Dino-Group-II;Dino-Group-II-Clade-7;Dino-Group-II-Clade-7_X;Dino-Group-II-Clade-7_X_sp.;, Eukaryota;TSAR;Alveolata;Dinoflagellata;Syndiniales;Dino-Group-II;Dino-Group-II-Clade-10-and-11;Dino-Group-II-Clade-10-and-11_X;Dino-Group-II-Clade-10-and-11_X_sp.;, Eukaryota;TSAR;Alveolata;Dinoflagellata;Syndiniales;Dino-Group-II;Dino-Group-II-Clade-9;Dino-Group-II-Clade-9_X;Dino-Group-II-Clade-9_X_sp.;, Eukaryota;TSAR;Alveolata;Dinoflagellata;Syndiniales;Dino-Group-IV;Dino-Group-IV-Hematodinium-Group;Hematodinium;Hematodinium_sp.;, Eukaryota;TSAR;Alveolata;Dinoflagellata;Syndiniales;Dino-Group-II;Dino-Group-II-Clade-14;Dino-Group-II-Clade-14_X;Dino-Group-II-Clade-14_X_sp.;, Eukaryota;TSAR;Alveolata;Dinoflagellata;Syndiniales;Dino-Group-II;Dino-Group-II-Clade-20;Dino-Group-II-Clade-20_X;Dino-Group-II-Clade-20_X_sp.;, Eukaryota;TSAR;Alveolata;Dinoflagellata;Syndiniales;Dino-Group-II;Dino-Group-II-Clade-16;Dino-Group-II-Clade-16_X;Dino-Group-II-Clade-16_X_sp.;, Eukaryota;TSAR;Alveolata;Dinoflagellata;Syndiniales;Dino-Group-I;Dino-Group-I-Clade-3;Dino-Group-I-Clade-3_X;Dino-Group-I-Clade-3_X_sp.;, Eukaryota;TSAR;Alveolata;Dinoflagellata;Syndiniales;Dino-Group-II;Dino-Group-II-Clade-12;Dino-Group-II-Clade-12_X;Dino-Group-II-Clade-12_X_sp.;, Eukaryota;TSAR;Alveolata;Dinoflagellata;Syndiniales;Dino-Group-II;Dino-Group-II-Clade-26;Dino-Group-II-Clade-26_X;Dino-Group-II-Clade-26_X_sp.;, Eukaryota;TSAR;Alveolata;Dinoflagellata;Syndiniales;Dino-Group-II;Dino-Group-II-Clade-22;Dino-Group-II-Clade-22_X;Dino-Group-II-Clade-22_X_sp.;, Eukaryota;TSAR;Alveolata;Dinoflagellata;Syndiniales;Dino-Group-II;Dino-Group-II-Clade-44;Dino-Group-II-Clade-44_X;Dino-Group-II-Clade-44_X_sp.;, Eukaryota;TSAR;Alveolata;Dinoflagellata;Syndiniales;Dino-Group-II;Dino-Group-II-Clade-3;Dino-Group-II-Clade-3_X;Dino-Group-II-Clade-3_X_sp.;, Eukaryota;TSAR;Alveolata;Dinoflagellata;Syndiniales;Dino-Group-III;Dino-Group-III_X;Dino-Group-III_XX;Dino-Group-III_XX_sp.;, Eukaryota;TSAR;Alveolata;Dinoflagellata;Syndiniales;Dino-Group-II;Dino-Group-II_X;Dino-Group-II_XX;Dino-Group-II_XX_sp.;, Eukaryota;TSAR;Alveolata;Dinoflagellata;Syndiniales;Dino-Group-II;Dino-Group-II-Clade-8;Dino-Group-II-Clade-8_X;Dino-Group-II-Clade-8_X_sp.;, Eukaryota;TSAR;Alveolata;Dinoflagellata;Syndiniales;Dino-Group-II;Dino-Group-II-Clade-30;Dino-Group-II-Clade-30_X;Dino-Group-II-Clade-30_X_sp.;, Eukaryota;TSAR;Alveolata;Dinoflagellata;Syndiniales;Dino-Group-I;Dino-Group-I-Clade-7;Dino-Group-I-Clade-7_X;Dino-Group-I-Clade-7_X_sp.;, Eukaryota;TSAR;Alveolata;Dinoflagellata;Syndiniales;Dino-Group-II;Dino-Group-II-Clade-4, Eukaryota;TSAR;Alveolata;Dinoflagellata;Syndiniales;Dino-Group-IV, Eukaryota;TSAR;Alveolata;Dinoflagellata;Syndiniales;Dino-Group-II;Dino-Group-II-Clade-2;Dino-Group-II-Clade-2_X;Dino-Group-II-Clade-2_X_sp.;, Eukaryota;TSAR;Alveolata;Dinoflagellata;Syndiniales;Dino-Group-II;Dino-Group-II-Clade-15;Dino-Group-II-Clade-15_X;Dino-Group-II-Clade-15_X_sp.;, Eukaryota;TSAR;Alveolata;Dinoflagellata;Syndiniales;Dino-Group-II;Dino-Group-II-Clade-29;Dino-Group-II-Clade-29_X;Dino-Group-II-Clade-29_X_sp.;, Eukaryota;TSAR;Alveolata;Dinoflagellata;Syndiniales;Dino-Group-I;Dino-Group-I-Clade-6;Dino-Group-I-Clade-6_X;Dino-Group-I-Clade-6_X_sp.;, Eukaryota;TSAR;Alveolata;Dinoflagellata;Syndiniales;Dino-Group-II;Dino-Group-II-Clade-13;Dino-Group-II-Clade-13_X;Dino-Group-II-Clade-13_X_sp.;, Eukaryota;TSAR;Alveolata;Dinoflagellata;Syndiniales;Dino-Group-I, Eukaryota;TSAR;Alveolata;Dinoflagellata;Syndiniales;Dino-Group-II;Dino-Group-II-Clade-39;Dino-Group-II-Clade-39_X;Dino-Group-II-Clade-39_X_sp.;, Eukaryota;TSAR;Alveolata;Dinoflagellata;Syndiniales;Dino-Group-II;Dino-Group-II-Clade-4;Dino-Group-II-Clade-4_X;Dino-Group-II-Clade-4_X_sp.;, Eukaryota;TSAR;Alveolata;Dinoflagellata;Syndiniales;Dino-Group-II;Dino-Group-II-Clade-19;Dino-Group-II-Clade-19_X;Dino-Group-II-Clade-19_X_sp.;, Eukaryota;TSAR;Alveolata;Dinoflagellata;Syndiniales;Dino-Group-II;Dino-Group-II-Clade-5;Dino-Group-II-Clade-5_X;Dino-Group-II-Clade-5_X_sp.;, Eukaryota;TSAR;Alveolata;Dinoflagellata;Syndiniales;Dino-Group-II;Dino-Group-II-Clade-27;Dino-Group-II-Clade-27_X;Dino-Group-II-Clade-27_X_sp.;, Eukaryota;TSAR;Alveolata;Dinoflagellata;Syndiniales;Dino-Group-I;Dino-Group-I-Clade-8;Dino-Group-I-Clade-8_X;Dino-Group-I-Clade-8_X_sp.;, Eukaryota;TSAR;Alveolata;Dinoflagellata;Syndiniales;Dino-Group-IV;Dino-Group-IV-Syndinium-Group;Syndinium, Eukaryota;TSAR;Alveolata;Dinoflagellata;Syndiniales, Eukaryota;TSAR;Alveolata;Dinoflagellata;Syndiniales;Dino-Group-V;Dino-Group-V_X;Dino-Group-V_XX;Dino-Group-V_XX_sp.;, Eukaryota;TSAR;Alveolata;Dinoflagellata;Syndiniales;Dino-Group-II;Dino-Group-II-Clade-42;Dino-Group-II-Clade-42_X;Dino-Group-II-Clade-42_X_sp.;, Eukaryota;TSAR;Alveolata;Dinoflagellata;Syndiniales;Dino-Group-I;Dino-Group-I-Clade-4;Euduboscquella, Eukaryota;TSAR;Alveolata;Dinoflagellata;Syndiniales;Dino-Group-II;Dino-Group-II-Clade-23;Dino-Group-II-Clade-23_X;Dino-Group-II-Clade-23_X_sp.;, Eukaryota;TSAR;Alveolata;Dinoflagellata;Syndiniales;Dino-Group-II;Dino-Group-II-Clade-32;Dino-Group-II-Clade-32_X;Dino-Group-II-Clade-32_X_sp.;, Eukaryota;TSAR;Alveolata;Dinoflagellata;Syndiniales;Dino-Group-II;Dino-Group-II-Clade-24;Dino-Group-II-Clade-24_X;Dino-Group-II-Clade-24_X_sp.;, Eukaryota;TSAR;Alveolata;Dinoflagellata;Syndiniales;Dino-Group-I;Dino-Group-I-Clade-3;Ichthyodinium;Ichthyodinium_chabelardi;, Eukaryota;TSAR;Alveolata;Dinoflagellata;Syndiniales;Dino-Group-IV;Dino-Group-IV-Hematodinium-Group;Hematodinium, Eukaryota;TSAR;Alveolata;Dinoflagellata;Syndiniales;Dino-Group-II;Dino-Group-II-Clade-25;Dino-Group-II-Clade-25_X;Dino-Group-II-Clade-25_X_sp.;"
TSAR-Dinoflagellata,Dinoflagellata-Unannotated,NA,NA,NA,83,Eukaryota;TSAR;Alveolata;Dinoflagellata