Station,Niskin,Targeted Depth (m),CTD Recorded Depth (m),CTD Pressure (db), NMEA Latitude, NMEA Longitude,Date,Time (UTC),CFC Bottle,O2 Flask,Methane/N₂O,DIC/TA flask,CDOM,Viscosity / PAM/Turn.,Nutrients,DON,δ¹⁸O,Salinity,Microbio Filters,Microscopy,HOC / DOC,CTD Temperature,Uncorrected CTD Conductivity,Corrected CTD Conductivity,Bottle Conductivity,Bottle Conductivity (Dupes),Uncorrected CTD Salinity,Corrected CTD Salinity,Bottle Salinity,Bottle Salinity (Dupes),Uncorrected CTD Oxygen,Corrected CTD Oxygen,Bottle Oxygen (ml/l),Bottle Oxygen (Dupes),CTD Fluorescence,NO₃ (µmol/L),PO₄ (µmol/L),SIL (µmol/L),NO₂ (µmol/L),NH₄ (µmol/L),Calculated  DIC (Apollo),Calculated  DIC (Apollo) Dupes,Apollo pH,Apollo pH Dupes,TA_Final,TA_Final Dupes,Notes,,,,
1.0,1,47.000,46.535,46.854,28.849,89.460,7/30/2023,18:56:28,--,001,143,S161,E21,--,S114,Q022,012,223W,X,--,S1,24.777,5.325,5.324,5.473,--,35.295,35.287,36.400,--,2.653,2.555,--,--,0.295,3.09,0.56,7.30,0.06,1.01,2166.944548,--,7.9639,--,0.002438487051,--,Bottle oxygen reading failed.,,,,
1.0,2,47.000,46.312,46.629,28.849,89.460,7/30/2023,18:56:28,--,--,--,--,--,--,--,--,--,--,--,--,--,24.610,5.306,5.305,--,--,35.284,35.277,--,--,2.693,2.593,--,--,0.303,--,--,--,--,--,--,--,--,--,--,--,,,       ,,= niskin leak
1.0,3,47.000,46.303,46.621,28.849,89.460,7/30/2023,18:56:28,--,--,--,--,--,--,--,--,--,--,--,--,--,24.349,5.304,5.303,--,--,35.471,35.463,--,--,2.647,2.549,--,--,0.308,--,--,--,--,--,--,--,--,--,--,--,,,       ,,= dupe depth
1.0,4,47.000,46.453,46.771,28.849,89.460,7/30/2023,18:56:28,--,--,--,--,--,--,--,--,--,--,--,--,--,24.141,5.297,5.296,--,--,35.586,35.578,--,--,2.391,2.302,--,--,0.297,--,--,--,--,--,--,--,--,--,--,--,,,,,= niskin issue
1.0,5,20.000,18.603,18.729,28.849,89.460,7/30/2023,18:56:28,--,101,121,S162,E36,--,S624,Q212,001,220W,X,--,S2,24.227,5.394,5.393,5.375,--,36.261,36.253,36.117,--,2.432,2.341,4.700,--,0.447,0.06,0.08,2.70,0.07,0.64,2098.111618,--,8.0718,--,0.002417433018,--,,,,,= numbering error
1.0,6,20.000,18.707,18.834,28.849,89.460,7/30/2023,18:56:28,--,--,--,--,--,--,--,--,--,--,--,--,--,24.300,5.402,5.401,--,--,36.258,36.250,--,--,2.311,2.225,--,--,0.430,--,--,--,--,--,--,--,--,--,--,--,,,       ,"""Text""",= post processing note
1.0,7,20.000,18.590,18.716,28.849,89.460,7/30/2023,18:56:28,--,--,--,--,--,--,--,--,--,--,--,--,--,24.417,5.412,5.410,--,--,36.237,36.229,--,--,2.580,2.484,--,--,0.437,--,--,--,--,--,--,--,--,--,--,--,,,       ,,
1.0,8,20.000,18.598,18.725,28.849,89.460,7/30/2023,18:56:28,--,--,--,--,--,--,--,--,--,--,--,--,--,24.431,5.415,5.414,--,--,36.252,36.244,--,--,2.475,2.383,--,--,0.440,--,--,--,--,--,--,--,--,--,--,--,,,,,
1.0,9,0.000,2.557,2.575,28.849,89.460,7/30/2023,18:56:28,--,--,--,--,--,--,--,--,--,--,--,--,--,30.828,4.754,4.753,--,--,27.345,27.339,--,--,3.136,3.019,--,--,4.162,--,--,--,--,--,--,--,--,--,--,--,failed leak test,,,,
1.0,10,0.000,2.482,2.498,28.849,89.460,7/30/2023,18:56:28,X,102,398,S163,E13,X,S623,Q016,002,217W,X,--,S3,30.918,4.769,4.768,4.820,--,27.387,27.381,27.709,--,3.331,3.207,5.620,--,4.284,0.23,0.18,10.00,0.38,0.75,2033.992478,--,8.2451,--,0.002420547129,--,,,,,
1.0,11,0.000,2.616,2.634,28.849,89.460,7/30/2023,18:56:28,--,--,--,--,--,--,--,--,--,--,--,--,--,31.008,4.640,4.639,--,--,26.514,26.508,--,--,3.120,3.004,--,--,4.049,--,--,--,--,--,--,--,--,--,--,--,,,,,
1.0,12,0.000,2.480,2.496,28.849,89.460,7/30/2023,18:56:28,--,--,--,--,--,--,--,--,--,--,--,--,--,30.456,4.715,4.714,--,--,27.300,27.294,--,--,3.543,3.411,--,--,4.091,--,--,--,--,--,--,--,--,--,--,--,failed leak test,,,,
2.0,1,353.000,353.454,356.140,28.648,89.136,7/30/2023,21:36:00,--,103,320,S160,E35,--,S596,Q476,003,214W,X,--,S4,10.561,3.906,3.906,3.909,--,35.286,35.278,35.309,--,2.809,2.704,2.634,--,-0.099,25.91,1.65,14.00,0.03,1.23,2212.046205,--,7.725,--,0.002364160799,--,,,,,
2.0,2,353.000,353.408,356.094,28.648,89.136,7/30/2023,21:36:00,--,--,--,--,--,--,--,--,--,--,--,--,--,10.558,3.906,3.906,--,--,35.287,35.279,--,--,2.803,2.698,--,--,-0.086,--,--,--,--,--,--,--,,--,,--,,,,,
2.0,3,270.000,269.068,271.058,28.648,89.136,7/30/2023,21:36:00,--,104,013,S159,E34,--,S585,Q475,004,211W,X,--,S5,13.332,4.215,4.214,4.208,--,35.700,35.693,35.639,--,2.991,2.880,2.799,--,-0.101,16.10,1.10,7.30,0.02,1.25,2204.230185,--,7.7869,--,0.002376252879,--,,,,,
2.0,4,270.000,269.085,271.075,28.648,89.136,7/30/2023,21:36:00,--,--,--,--,--,--,--,--,--,--,--,--,--,13.330,4.214,4.214,--,--,35.700,35.692,--,--,2.994,2.882,--,--,-0.104,--,--,--,--,--,--,--,,--,,--,,,,,
2.0,5,270.000,269.053,271.043,28.648,89.136,7/30/2023,21:36:00,--,--,--,--,--,--,--,--,--,--,--,--,--,13.335,4.215,4.214,--,--,35.701,35.693,--,--,2.992,2.880,--,--,-0.099,--,--,--,--,--,--,--,,--,,--,,,,,
2.0,6,150.000,149.888,150.953,28.648,89.136,7/30/2023,21:36:00,--,105,327,S158,E3,--,S104,Q484,005,208W,X,--,S6,15.248,4.434,4.433,4.432,--,36.010,36.002,35.997,--,3.038,2.925,2.908,--,-0.099,16.79,0.94,6.80,0.02,0.96,2198.769424,--,7.814,--,0.002372623253,--,,,,,
2.0,7,150.000,149.853,150.917,28.648,89.136,7/30/2023,21:36:00,--,--,--,--,--,--,--,--,--,--,--,--,--,15.254,4.436,4.435,--,--,36.021,36.013,--,--,3.040,2.927,--,--,-0.098,--,--,--,--,--,--,--,,--,,--,,,,,
2.0,8,25.000,24.170,24.334,28.648,89.136,7/30/2023,21:36:00,--,107,326,S157,E21,--,S580,Q491,006,205W,X,--,S7,25.404,5.501,5.500,5.519,--,36.111,36.103,36.250,--,4.566,4.396,3.348,--,0.501,3.73,0.38,9.60,0.12,0.61,2158.237851,--,7.9767,--,0.00243371128,--,DCM,,,,
2.0,9,25.000,24.107,24.271,28.648,89.136,7/30/2023,21:36:00,--,--,--,--,--,--,--,--,--,--,--,--,--,25.391,5.493,5.491,--,--,36.060,36.052,--,--,4.073,3.921,--,--,0.530,--,--,--,--,--,--,--,,--,,--,DCM,,,,
2.0,10,25.000,24.083,24.246,28.648,89.136,7/30/2023,21:36:00,--,--,--,--,--,--,--,--,--,--,--,--,--,25.392,5.498,5.497,--,--,36.098,36.090,--,--,4.128,3.975,--,--,0.500,--,--,--,--,--,--,--,,--,,--,DCM,,,,
2.0,11,0.000,2.900,2.919,28.648,89.136,7/30/2023,21:36:00,X,109,381,S156,E11,X,S595,Q466,037,202W,X,--,S8,31.751,5.269,5.268,5.300,--,30.107,30.101,30.301,--,3.701,3.563,4.722,--,0.314,0.05,0.16,4.10,0.00,0.80,2029.16241,--,7.5511,--,0.00239735496,--,,,,,
2.0,12,0.000,2.873,2.892,28.648,89.136,7/30/2023,21:36:00,--,--,--,--,--,--,--,--,--,--,--,--,--,31.770,5.274,5.273,--,--,30.131,30.124,--,--,4.066,3.915,--,--,0.309,--,--,--,--,--,--,--,,--,,--,failed leak test,,,,
3.0,1,1235.000,1234.265,1246.299,28.438,88.805,7/31/2023,0:47:00,--,111,068,S155,E22,--,S586,Q474,007,222W,X,--,S1,4.340,3.339,3.338,3.338,--,34.969,34.961,34.963,--,4.927,4.743,4.366,--,-0.097,23.57,1.62,26.40,0.02,0.48,2204.472624,--,7.7697,--,0.002362191832,--,,,,,
3.0,2,1100.000,1098.284,1108.629,28.438,88.805,7/31/2023,0:47:00,--,113,057,S154,E41,--,S593 / S617,Q483,008,219W,X,--,--,4.599,3.355,3.354,3.354,--,34.958,34.950,34.947,--,4.655,4.481,4.329,--,-0.095,25.28 / 25.22,1.70 / 1.69,26.50 / 26.40,0.02 / 0.02,0.49 / 0.55,2203.649587,--,7.7825,--,0.002462185726,--,,,,,
3.0,3,900.000,898.349,906.374,28.438,88.805,7/31/2023,0:47:00,--,114,037,S153,E26,--,S589,Q468,009,216W,X,--,S2,5.288,3.406,3.406,3.419,--,34.932,34.924,35.079,--,4.058,3.907,3.154,--,-0.090,27.43,1.71,20.10,0.02,0.35,2211.645527,--,7.7094,--,0.002339750413,--,,,,,
3.0,4,700.000,698.194,704.090,28.438,88.805,7/31/2023,0:47:00,--,115 / 116,061,S152,E23,--,S582,Q481,010,213W,X,--,--,6.238,3.482,3.481,3.481,--,34.908,34.901,34.905,--,3.477,3.347,3.297,3.280,-0.095,29.59,1.91,24.20,0.02,0.26,2222.305643,--,7.7302,--,0.002378056681,--,,,,,
3.0,5,550.000,549.566,554.007,28.438,88.805,7/31/2023,0:47:00,--,117,284,--,E32,--,S607,Q490,013 / 014,210W,X,--,S3,7.586,3.603,3.602,3.601,--,34.948,34.940,34.932,--,3.002,2.891,2.850,--,-0.099,30.51,1.92,20.90,0.02,0.58,--,--,--,--,--,--,,,,,
3.0,6,400.000,401.190,404.286,28.438,88.805,7/31/2023,0:47:00,--,118,303,S151 / S150,E12,--,S584,Q480,015,207W,X,--,--,9.846,3.832,3.831,3.829,--,35.195,35.187,35.168,--,2.725,2.623,2.546,--,-0.101,28.06,1.73,15.80,0.02,0.24,2214.777657,2212.412969,7.6774,7.7032,0.002341403064,0.002368201836,O2 min,,,,
3.0,7,150.000,150.128,151.195,28.438,88.805,7/31/2023,0:47:00,--,119,313,S149,E1,--,S592,Q470 / Q473,016,204W,X,--,S4,16.179,4.545,4.544,4.539,--,36.155,36.147,36.109,--,2.938,2.828,2.815,--,-0.065,15.97,0.92,5.90,0.03,0.30,2198.161687,--,7.8356,--,0.002392297908,--,,,,,
3.0,8,65.000,64.991,65.439,28.438,88.805,7/31/2023,0:47:00,--,120,052,S148,E44,--,S594,Q482,033,201W / 221W,X,--,S5,21.968,5.207,5.206,5.203,5.204,36.672,36.664,36.641,36.648,4.050,3.899,3.721,--,0.928,2.30,0.33,1.70,0.28,0.32,2160.895964,--,7.9823,--,0.002443827386,--,DCM,,,,
3.0,9,28.000,29.003,29.200,28.438,88.805,7/31/2023,0:47:00,--,121,--,S147,E4,--,S602,Q460,017,218W,X,--,--,28.267,5.688,5.687,5.855,--,35.248,35.240,36.421,--,2.691,2.591,4.731,--,0.057,0.04,0.00,0.90,0.00,0.36,2069.094826,--,8.0962,--,0.00241668427,--,methane dropped. Sampled from dup niskin,,,,
3.0,10,28.000,29.069,29.266,28.438,88.805,7/31/2023,0:47:00,--,--,131,--,--,--,--,--,--,--,--,--,--,29.390,5.861,5.860,--,--,35.614,35.606,--,--,3.241,3.120,--,--,0.064,--,--,--,--,--,--,--,--,--,--,--,duplicate depth,,,,
3.0,11,0.000,2.577,2.594,28.438,88.805,7/31/2023,0:47:00,--,--,--,--,--,--,--,--,--,--,--,--,--,29.172,5.880,5.879,--,--,35.914,35.906,--,--,2.979,2.868,--,--,0.024,--,--,--,--,--,--,--,--,--,--,--,failed leak test,,,,
3.0,12,0.000,2.579,2.597,28.438,88.805,7/31/2023,0:47:00,X,122,232,--,E42,--,S599,Q453,011,215W,X,--,S6,29.075,5.899,5.898,5.783,--,36.118,36.110,35.319,--,2.886,2.779,3.746,--,0.007,0.02,0.00,1.20,0.00,0.17,--,--,--,--,--,--,,,,,
4.0,1,1725.000,1723.698,1742.548,28.235,88.478,7/31/2023,4:28:00,--,128,365,S142,E43,--,S581,Q465,196,212W,X,--,--,4.255,3.352,3.352,3.351,--,34.976,34.969,34.976,--,5.059,4.871,4.819,--,-0.101,16.88,1.13,19.30,0.02,1.27,2200.669856,--,7.7836,--,0.002355051699,--,,,,,
4.0,2,1725.000,1723.756,1742.606,28.235,88.478,7/31/2023,4:28:00,--,129,251,S140,E6,--,S618 / S583,Q450,191,209W,X,--,--,4.255,3.352,3.352,3.351,--,34.976,34.969,34.968,--,5.059,4.871,4.888,--,-0.096,22.56 / 22.73,1.51 / 1.48,25.80 / 26.10,0.02 / 0.00,0.44 / 1.15,2205.103293,--,7.7955,--,0.002377560185,--,Filter may have introduced error to Nuts/DON. Sucked water into syringe,,,,
4.0,3,1500.000,1499.746,1515.333,28.235,88.478,7/31/2023,4:28:00,--,130,278,S141 / S139,E31,--,S591,Q457,194,206W,X,--,--,4.302,3.347,3.346,3.365,--,34.973,34.965,35.187,--,5.011,4.824,3.277,--,-0.100,25.45,1.61,18.10,0.02,1.39,2206.328258,2230.215866,7.7582,7.7431,0.002362521161,0.002360730372, with filter attached. Niskins 4-8.,,,,
4.0,4,1250.000,1249.619,1261.849,28.235,88.478,7/31/2023,4:28:00,--,131,311 / 116,S138,E5,--,S587,Q458,195,203W,X,--,--,4.435,3.348,3.347,3.346,--,34.966,34.958,34.955,--,4.837,4.657,4.586,--,-0.095,21.52,1.41,23.40,0.00,0.87,2214.018633,--,7.7713,--,0.002362884524,--,,,,,
4.0,5,1000.000,999.159,1008.330,28.235,88.478,7/31/2023,4:28:00,--,132,399,S136,E37,--,S606,Q459 / Q489,197,200W,X,--,--,4.889,3.376,3.375,3.375,--,34.947,34.939,34.941,--,4.378,4.215,4.149,--,-0.102,25.97,1.63,26.30,0.00,1.06,2209.451682,--,7.761,--,0.002372425055,--,,,,,
4.0,6,750.000,749.590,756.014,28.235,88.478,7/31/2023,4:28:00,--,133,383,S137,E20,--,S622,Q467,198 / 199,571W,X,--,--,5.911,3.455,3.454,3.454,--,34.916,34.908,34.911,--,3.635,3.499,3.484,--,-0.099,29.00,1.79,25.00,0.00,1.25,2220.875492,--,7.7222,--,0.002370160793,--,,,,,
4.0,7,500.000,499.891,503.870,28.235,88.478,7/31/2023,4:28:00,--,134,088,S143,E33,--,S590,Q488,020,568W,--,--,--,7.979,3.640,3.639,3.639,--,34.980,34.973,34.972,--,2.910,2.802,2.747,--,-0.100,29.96,2.00,19.80,0.02,1.25,2220.053877,--,7.7383,--,0.002396010617,--,O2 min,,,,
4.0,8,300.000,299.925,302.166,28.235,88.478,7/31/2023,4:28:00,--,142,279,S144,E10,--,S601,Q478,018,565W / 562W,--,--,--,11.414,3.999,3.998,3.997,3.997,35.411,35.403,35.400,35.399,2.950,2.840,2.813,--,-0.099,23.98,1.38,11.90,0.00,1.19,2202.262319,--,7.7227,--,0.002348088743,--,,,,,
4.0,9,70.000,70.191,70.675,28.235,88.478,7/31/2023,4:28:00,--,143 / 145,--,S146,E14,--,S615,Q449,200,559W,X,--,--,22.197,5.241,5.240,5.238,--,36.743,36.735,36.722,--,4.145,3.990,3.823,3.819,0.814,1.49,0.11,1.40,0.19,0.97,2155.440849,--,7.9902,--,0.002427917492,--,DCM,,,,
4.0,10,25.000,25.322,25.494,28.235,88.478,7/31/2023,4:28:00,--,147,--,--,E52,--,S605,Q452,036,556W,X,--,--,29.902,6.015,6.014,6.025,--,36.280,36.272,36.355,--,2.288,2.202,4.455,--,-0.004,0.00,0.00,1.00,0.00,0.43,--,--,,--,--,--,,,,,
4.0,11,0.000,2.231,2.246,28.235,88.478,7/31/2023,4:28:00,X,148,335,S145,E25,X,S612,Q451,186,553W,X,--,--,31.252,5.706,5.705,5.718,--,33.261,33.254,33.339,--,3.615,3.481,4.337,--,0.023,0.00,0.00,1.80,0.00,0.25,2034.720758,--,8.1651,--,0.002387998613,--,did not leak,,,,
4.0,12,0.000,2.270,2.285,28.235,88.478,7/31/2023,4:28:00,--,149,--,--,--,--,S598,Q472,--,550W,--,--,--,31.272,5.710,5.708,5.712,--,33.271,33.263,33.283,--,3.600,3.466,4.311,--,0.041,0.00,0.08,1.80,0.00,0.37,--,--,--,--,--,--,,,,,
5.0,1,2489.000,2386.695,2416.606,27.987,88.136,7/31/2023,9:00:00,--,134,269,S133,E24,--,S619,Q477,188,572W,X,--,--,4.301,3.384,3.383,3.387,--,34.978,34.971,34.982,--,5.039,4.851,4.872,--,-0.099,22.62,1.50,26.20,0.02,0.46,2206.032311,--,7.7775,--,0.002356085732,--,Echo not working properly. Winch stopped twice. Deployed drifter at 6:25 CST,,,,
5.0,2,2200.000,2197.881,2224.428,27.987,88.136,7/31/2023,9:00:00,--,150,--,S134,E17,--,S597,Q486,171,569W,X,--,--,4.294,3.375,3.375,3.374,--,34.977,34.969,34.971,--,5.058,4.870,4.863,--,-0.096,22.10,1.50,24.70,0.02,0.55,2207.309035,--,7.8008,--,0.00238393155,--,Cap loose on nutrient sample.,,,,
5.0,3,1800.000,1795.818,1815.769,27.987,88.136,7/31/2023,9:00:00,--,151,334,S135,E47,--,S621,Q487 / Q469,187,566W / 563W ,X,--,--,4.286,3.358,3.357,3.375,3.375,34.975,34.968,35.184,35.182,5.031,4.844,3.391,--,-0.098,25.13,1.61,18.30,0.00,0.51,2218.731466,--,7.767,--,0.002377043669,--,,,,,
5.0,4,1500.000,1497.906,1513.468,27.987,88.136,7/31/2023,9:00:00,--,152,098 / 350,S127,E56,--,S613,Q464,172,560W,X,--,--,4.327,3.349,3.348,3.348,--,34.972,34.964,34.966,--,4.953,4.769,4.802,--,-0.105,23.40,1.54,25.70,0.00,0.33,2206.363494,--,7.8299,--,0.002445020578,--,,,,,
5.0,5,1250.000,1250.302,1262.541,27.987,88.136,7/31/2023,9:00:00,--,153,--,--,E51,--,S620,Q484,189,557W,X,--,--,4.472,3.351,3.350,3.351,--,34.964,34.956,34.979,--,4.768,4.591,4.539,--,-0.098,23.83,1.58,25.60,0.00,0.50,--,--,--,--,--,--,,,,,
5.0,6,1000.000,998.988,1008.156,27.987,88.136,7/31/2023,9:00:00,--,154 / 155,360,--,E46,--,S616,Q446,190,554W,X,--,--,4.999,3.386,3.385,3.385,--,34.943,34.935,34.936,--,4.262,4.104,4.036,4.064,-0.094,26.34,1.74,26.10,0.00,0.35,--,--,--,--,--,--,,,,,
5.0,7,500.000,500.443,504.427,27.987,88.136,7/31/2023,9:00:00,--,156,298,S132,E15,--,S588,Q471,185,551W,--,--,--,8.920,3.736,3.735,3.737,--,35.067,35.060,35.075,--,2.865,2.759,2.710,--,-0.097,28.65,1.92,17.20,0.03,0.91,2220.502826,--,7.6904,--,0.002362622262,--,O2 min,,,,
5.0,8,300.000,300.305,302.549,27.987,88.136,7/31/2023,9:00:00,--,157,293,S131 / S129,E27,--,S600 / S604,Q463,193,573W,--,--,--,13.128,4.193,4.192,4.191,--,35.669,35.662,35.658,--,3.077,2.963,2.918,--,-0.096,20.32 / 20.42,1.20 / 1.22,8.80 / 8.80,0.02 / 0.00,0.42 / 0.58,2196.970392,2191.688874,7.7939,7.8129,0.002393515124,0.002411396988,,,,,
5.0,9,120.000,121.043,121.894,27.987,88.136,7/31/2023,9:00:00,--,158,063,S130,E16,--,S105,Q462,184,570W,--,--,--,20.210,5.493,5.023,5.020,--,36.681,36.673,36.651,--,4.073,3.239,3.167,--,0.530,8.28,0.38,2.70,0.03,0.45,2177.818432,--,7.9234,--,0.00240334094,--,Cap loose on nutrient sample.,,,,
5.0,10,65.000,60.340,60.755,27.987,88.136,7/31/2023,9:00:00,--,159,344,S128,E8,--,S609,Q461,181 / 192,567W,X,--,--,23.864,5.363,5.362,5.363,--,36.307,36.298,36.309,--,4.744,4.567,4.499,--,0.497,0.00,0.00,2.20,0.02,0.29,2106.340652,--,8.0613,--,0.002520252735,--,DCM,,,,
5.0,11,20.000,20.618,20.758,27.987,88.136,7/31/2023,9:00:00,--,160,001,S126,E53,--,S603,Q479,183,564W,X,--,--,31.108,6.101,6.100,6.110,--,35.967,35.959,36.028,--,3.622,3.487,4.408,--,-0.002,0.00,0.00,1.10,0.00,0.32,2044.023893,--,8.1338,--,0.002430569141,--,,,,,
5.0,12,0.000,2.376,2.393,27.987,88.136,7/31/2023,9:00:00,X,133,321,S125,E7,--,S610,Q456,182,561W,X,--,--,31.347,5.737,5.736,5.744,--,33.401,33.394,33.442,--,3.551,3.419,4.339,--,0.030,0.03,0.02,2.50,0.00,0.36,2044.564326,--,8.1211,--,0.002446352909,--,Cap loose on nutrient sample.,,,,
6.0,1,2357.000,2355.366,2384.706,28.175,88.022,7/31/2023,12:40:00,--,--,--,--,--,--,--,--,--,--,--,--,--,4.296,3.382,3.381,--,--,34.979,34.971,--,--,5.056,4.867,--,--,-0.098,--,--,--,--,--,--,--,--,--,,--,Niskin did not fire. Microbio not sampled.,,,,
6.0,2,2000.000,1998.157,2021.331,28.175,88.022,7/31/2023,12:40:00,--,122,079,S117,E38,--,S611,Q035 / Q036,164,558W,--,--,B1 ABCD,4.292,3.367,3.366,3.366,--,34.976,34.969,34.976,--,5.048,4.860,4.887,--,-0.099,22.84,1.55,25.50,0.00,0.37,2195.173422,--,7.825,--,0.002428029604,--,,,,,
6.0,3,1500.000,1497.819,1513.380,28.175,88.022,7/31/2023,12:40:00,--,123,302,S118,E40,--,S608,Q205,162 / 165,555W,--,--,B2 ABCD,4.343,3.350,3.350,3.350,--,34.971,34.964,34.973,--,4.939,4.755,4.690,--,-0.098,23.42,1.64,25.70,0.02,0.84,2192.288116,--,7.6993,--,0.002431925496,--,,,,,
6.0,4,1000.000,998.778,1007.944,28.175,88.022,7/31/2023,12:40:00,--,--,--,--,--,--,--,--,--,--,--,--,--,5.154,3.399,3.398,--,--,34.938,34.930,--,--,4.144,3.989,--,--,-0.095,--,--,--,--,--,--,--,--,--,,--,Niskin did not fire.,,,,
6.0,5,750.000,748.647,755.061,28.175,88.022,7/31/2023,12:40:00,--,124,038,S122,E49,--,S614,Q052,175,552W / 373W,--,--,S1 / S2,6.286,3.489,3.488,3.488,3.488,34.912,34.905,34.906,34.908,3.428,3.301,3.290,--,-0.095,29.70,2.00,24.10,0.00,0.42,2223.974555,--,7.7355,--,0.002371966597,--,,,,,
6.0,6,500.000,499.921,503.900,28.175,88.022,7/31/2023,12:40:00,--,125 / 126,007,S123,E48,--,S485,Q025,161,370W,--,--,S3,9.162,3.764,3.763,3.763,--,35.116,35.109,35.113,--,2.685,2.585,2.533,2.551,-0.093,19.38,1.73,11.50,0.02,0.49,2214.498094,--,7.7478,--,0.002418409994,--,O2 min,,,,
6.0,7,350.000,349.542,352.196,28.175,88.022,7/31/2023,12:40:00,--,127,055,S124 / S112,E28,--,S483 / S484,Q015,177,367W,--,--,S4,11.846,4.049,4.048,4.048,--,35.472,35.464,35.467,--,2.904,2.796,2.749,--,-0.104,23.20 / 23.24,1.42 / 1.44,11.10 / 11.00,0.02 / 0.02,0.09 / 0.38,2195.553776,2205.650047,7.7361,7.7837,0.002358625269,0.002409582175,,,,,
6.0,8,150.000,152.490,153.574,28.175,88.022,7/31/2023,12:40:00,--,116,275,S119,E59,--,S482,Q043,180,364W,--,--,S5,18.164,4.783,4.782,4.784,--,36.452,36.444,36.460,--,3.364,3.239,3.188,--,-0.069,10.69,1.39,3.60,0.03,0.59,2176.739222,--,7.9223,--,0.002469082616,--,,,,,
6.0,9,67.000,67.386,67.850,28.175,88.022,7/31/2023,12:40:00,--,117,044 / 004,S113,E54,--,S481,Q034,174,361W,--,--,S6,23.312,5.313,5.312,5.312,--,36.374,36.366,36.370,--,4.645,4.472,4.458,--,0.628,0.03,0.08,1.90,0.12,0.27,2115.488833,--,8.0572,--,0.002451776327,--,DCM,,,,
6.0,10,50.000,51.236,51.587,28.175,88.022,7/31/2023,12:40:00,--,118,140,S116,E73,--,S480,Q448,176,358W,--,--,S7,24.842,5.472,5.471,5.472,--,36.338,36.330,36.336,--,4.994,4.808,4.769,--,0.169,0.00,0.02,1.40,0.00,0.22,2094.635992,--,8.0935,--,0.002460945487,--,,,,,
6.0,11,17.000,17.313,17.431,28.175,88.022,7/31/2023,12:40:00,--,119,324,S121,E30,--,S491,Q017,163,355W,--,--,S8,30.289,5.790,5.789,5.782,--,34.478,34.471,34.428,--,3.711,3.573,4.525,--,-0.005,1.90,0.52,3.10,0.02,1.47,2062.656687,--,8.1255,--,0.002445732289,--,Cap loose on nutrient sample.,,,,
6.0,12,0.000,3.111,3.132,28.175,88.022,7/31/2023,12:40:00,X,120,231,S120,E9,X,S486,Q014,179,352W,--,--,S9,31.209,5.661,5.660,5.662,--,32.993,32.986,32.997,--,3.776,3.635,4.291,--,-0.008,0.00,0.04,1.90,0.00,0.34,2034.225953,--,8.1248,--,0.002434595163,--,,,,,
7.0,1,1923.000,1920.971,1942.892,28.431,88.325,7/31/2023,17:06:00,--,153,397,S101,E61,--,S515,Q124,156,351W,X,--,B1 ABC,4.272,3.362,3.361,3.361,--,34.977,34.969,34.973,--,5.033,4.846,4.838,--,-0.100,22.73,1.54,26.30,0.02,0.16,2196.123025,--,7.6193,--,0.002412274865,--,,,,,
7.0,2,1650.000,1648.465,1666.192,28.431,88.325,7/31/2023,17:06:00,--,133,309,S102,E74,--,S506 / S510,Q123,169,354W / 357W,X,--,B2 ABC,4.278,3.351,3.350,3.350,3.350,34.975,34.968,34.969,34.974,5.046,4.858,4.797,--,-0.096,22.91 / 22.95,1.51 / 1.72,25.60 / 25.60,0.00 / 0.02,0.17 / 0.39,2196.43186,--,7.6189,--,0.002388864478,--,,,,,
7.0,3,1400.000,1398.628,1412.822,28.431,88.325,7/31/2023,17:06:00,--,159 / 157,300,--,E57,--,S519,Q119,158,360W,X,--,B3 ABC,4.337,3.345,3.345,3.345,--,34.971,34.964,34.969,--,4.951,4.766,4.729,4.707,-0.099,21.41,1.96,23.70,0.02,0.50,--,--,--,--,,--,,,,,
7.0,4,1150.000,1148.026,1158.979,28.431,88.325,7/31/2023,17:06:00,--,156,355 / 113,S103,E66,--,S513,Q132,155,363W,X,--,--,4.639,3.361,3.360,3.360,--,34.957,34.950,34.948,--,4.606,4.435,4.384,--,-0.095,22.16,1.59,23.40,0.02,0.07,2200.908772,--,7.651,--,0.002393712321,--,,,,,
7.0,5,900.000,898.857,906.887,28.431,88.325,7/31/2023,17:06:00,--,155,247,S104 / S105,E65,--,S511,Q129,159,366W,X,--,--,5.455,3.421,3.420,3.420,--,34.928,34.921,34.921,--,3.917,3.771,3.740,--,-0.094,26.13,1.92,24.30,0.02,0.12,2208.937322,2207.818628,7.6378,7.79,0.002374194823,0.002373668297,,,,,
7.0,6,650.000,648.659,654.058,28.431,88.325,7/31/2023,17:06:00,--,160,091,S108,E55,--,S504,Q130,157 / 170,369W,X,--,S1,6.695,3.522,3.521,3.521,--,34.915,34.907,34.909,--,3.237,3.117,3.068,--,-0.095,30.21,1.99,23.40,0.20,0.07,2217.969843,--,7.7102,--,0.002369298932,--,,,,,
7.0,7,400.000,399.476,402.558,28.431,88.325,7/31/2023,17:06:00,--,151,276,S109,E62,--,S514,Q118 / Q126,178,372W,X,--,S2,9.970,3.845,3.844,3.843,--,35.212,35.204,35.197,--,2.731,2.629,2.603,--,-0.097,24.58,1.68,13.50,0.02,0.19,2208.779548,--,7.7136,--,0.002370544176,--,,,,,
7.0,8,250.000,249.128,250.958,28.431,88.325,7/31/2023,17:06:00,--,--,--,--,--,--,--,--,--,--,--,--,--,13.641,4.250,4.249,--,--,35.754,35.746,--,--,3.129,3.013,--,--,-0.098,--,--,--,--,--,--,--,--,--,,--,Niskin did not fire.,,,,
7.0,9,100.000,98.397,99.084,28.431,88.325,7/31/2023,17:06:00,--,150,379,S110,E77,--,S500,Q120,167,350W,X,--,S5,20.199,5.013,5.012,5.011,--,36.609,36.601,36.593,--,3.255,3.134,3.081,--,0.147,9.05,0.45,3.20,0.03,0.06,2181.166739,--,7.9251,--,0.002440042605,--,,,,,
7.0,10,60.000,59.472,59.881,28.431,88.325,7/31/2023,17:06:00,--,134,267,S111,E18,--,S512,Q127,173,353W,X,--,S6,23.046,5.285,5.284,5.284,--,36.382,36.374,36.375,--,4.563,4.393,4.299,--,0.685,0.50,0.33,2.20,0.17,0.36,2122.045828,--,8.0484,--,0.002501425927,--,DCM. Cap loose on nutrient sample.,,,,
7.0,11,10.000,9.882,9.949,28.431,88.325,7/31/2023,17:06:00,--,152,374,S114,E75,--,S488,Q136,168,356W,X,--,S7,30.326,5.571,5.570,5.627,--,32.996,32.989,33.361,--,3.081,2.967,4.378,--,-0.007,0.00,0.15,2.00,0.00,0.22,2026.412359,--,8.1237,--,0.002399955558,--,,,,,
7.0,12,0.000,2.746,2.765,28.431,88.325,7/31/2023,17:06:00,X,158,259,S115,E64,--,S496,Q137,166,359W,X,--,S8,30.175,5.635,5.634,5.589,--,33.523,33.515,33.217,--,3.416,3.289,4.374,--,-0.032,0.06,0.12,1.60,0.00,0.41,2024.015112,--,8.1243,--,0.002439072636,--,,,,,
8.0,1,925.000,924.761,933.082,28.704,88.629,7/31/2023,22:02:00,--,154,006,S106,E63,--,S502,Q133,147,362W,X,--,--,5.101,3.391,3.390,3.391,--,34.938,34.930,34.941,--,4.199,4.042,4.031,--,-0.100,26.96,1.87,26.30,0.04,0.12,--,--,--,--,--,--,,,,,
8.0,2,925.000,924.716,933.035,28.704,88.629,7/31/2023,22:02:00,--,--,--,--,--,--,--,--,--,--,--,--,--,5.099,3.391,3.390,--,--,34.938,34.930,--,--,4.200,4.043,--,--,-0.103,--,--,--,--,--,--,--,--,--,--,--,,,,,
8.0,3,800.000,800.289,807.246,28.704,88.629,7/31/2023,22:02:00,--,148,316,S107,E71,--,S497,Q144,146,365W,X,--,--,5.769,3.444,3.444,3.457,--,34.918,34.910,35.068,--,3.712,3.574,3.143,--,-0.098,21.61,1.60,15.50,0.00,0.52,2202.315224,--,7.5713,--,0.002396573179,--,,,,,
8.0,4,650.000,648.188,653.582,28.704,88.629,7/31/2023,22:02:00,--,147 / 145,272,--,E39,--,S517 / S509,Q142,149,368W,X,--,--,6.714,3.523,3.523,3.523,--,34.912,34.904,34.904,--,3.244,3.123,3.189,3.187,-0.101,30.07 / 30.00,2.01 / 2.04,23.20 / 23.20,0.00 / 0.00,0.19 / 0.31,--,--,--,--,--,--,,,,,
8.0,5,500.000,498.597,502.564,28.704,88.629,7/31/2023,22:02:00,--,142,372,S164,E50,--,S516,Q149,127,371W,X,--,S3,8.358,3.679,3.678,3.677,--,35.017,35.010,35.000,--,2.920,2.812,2.786,--,-0.098,29.55,1.87,18.90,0.00,0.08,2217.147172,--,7.6925,--,0.002357974619,--,,,,,
8.0,6,350.000,348.705,351.352,28.704,88.629,7/31/2023,22:02:00,--,143,062,S165 / S166,E84,--,S499,Q145,150,402W,X,--,--,11.055,3.961,3.960,3.959,--,35.359,35.351,35.338,--,2.871,2.764,2.733,--,-0.095,24.93,1.56,12.50,0.02,0.25,2206.788038,2201.987559,7.7474,7.7139,0.002374596224,0.002343028688,,,,,
8.0,7,110.000,109.038,109.801,28.704,88.629,7/31/2023,22:02:00,--,149,090 / 319,S167,E72,--,S518,Q138,148,405W,X,--,S4,18.459,4.813,4.812,4.810,--,36.464,36.456,36.440,--,2.969,2.858,2.850,--,0.125,12.08,0.68,3.90,0.03,0.10,2184.5908,--,7.8883,--,0.002419623206,--,,,,,
8.0,8,75.000,76.433,76.962,28.704,88.629,7/31/2023,22:02:00,--,132,373,S168,E45,--,S490,Q115,154,408W,X,--,S5,21.266,5.132,5.131,5.130,--,36.669,36.661,36.650,--,3.467,3.338,3.397,--,0.780,5.30,0.38,2.10,0.16,0.49,2163.232986,--,7.9434,--,0.002446425982,--,DCM,,,,
8.0,9,45.000,45.819,46.133,28.704,88.629,7/31/2023,22:02:00,--,131,246,--,E76,--,S494,Q116,151,411W / 414W,X,--,S2,24.669,5.445,5.444,5.479,5.478,36.275,36.267,36.535,36.525,3.318,3.194,4.666,--,0.141,0.00,0.05,0.90,0.00,0.23,--,--,--,--,--,--,,,,,
8.0,10,15.000,15.176,15.279,28.704,88.629,7/31/2023,22:02:00,--,130,266,S169,E69,--,S508,Q121,160 / 152,417W,X,--,S6,25.307,5.548,5.547,5.489,--,36.544,36.536,36.106,--,2.793,2.689,4.448,--,-0.038,0.02,0.11,1.00,0.00,0.44,2060.103831,--,8.1226,--,0.002414193782,--,,,,,
8.0,11,0.000,2.641,2.659,28.704,88.629,7/31/2023,22:02:00,X,129,054,S170,E29,X,S501,Q131 / Q122,145,420W,X,--,S1,30.066,6.001,6.000,5.975,--,36.074,36.066,35.895,--,3.374,3.248,4.375,--,-0.041,0.05,0.11,0.80,0.00,0.43,2056.371116,--,8.1273,--,0.002466395932,--,,,,,
8.0,12,0.000,2.675,2.693,28.704,88.629,7/31/2023,22:02:00,--,--,--,--,--,--,--,--,--,--,--,--,--,30.219,6.014,6.013,--,--,36.046,36.038,--,--,2.905,2.796,--,--,-0.039,--,--,--,--,--,--,--,--,--,--,--,,,,,
9.0,1,188.000,188.511,189.868,28.965,88.887,8/1/2023,0:59:00,--,105,310,S171,E97,--,S573,Q151,144,423W,X,--,--,16.003,4.526,4.525,4.527,--,36.131,36.123,36.146,--,3.106,2.990,2.502,--,-0.102,14.95,0.89,6.40,0.06,0.18,2190.775092,--,7.8304,--,0.002389570183,--,Time from CTD file. Wrote 28:57 on log. ,,,,
9.0,2,188.000,188.482,189.839,28.965,88.887,8/1/2023,0:59:00,--,--,--,--,--,--,--,--,--,--,--,--,--,15.994,4.525,4.524,--,--,36.132,36.124,--,--,3.107,2.991,--,--,-0.098,--,--,--,--,--,--,--,--,--,--,--,,,,,
9.0,3,188.000,188.519,189.876,28.965,88.887,8/1/2023,0:59:00,--,--,--,--,--,--,--,--,--,--,--,--,--,15.995,4.525,4.524,--,--,36.131,36.123,--,--,3.106,2.991,--,--,-0.099,--,--,--,--,--,--,--,--,--,--,--,,,,,
9.0,4,188.000,188.546,189.903,28.965,88.887,8/1/2023,0:59:00,--,--,--,--,--,--,--,--,--,--,--,--,--,15.994,4.525,4.524,--,--,36.130,36.122,--,--,3.104,2.988,--,--,-0.099,--,--,--,--,--,--,--,--,--,--,--,,,,,
9.0,5,65.000,65.347,65.797,28.965,88.887,8/1/2023,0:59:00,--,104,386,S172,E91,--,S571,Q153,143,401W,X,--,--,21.968,5.215,5.214,5.211,--,36.730,36.722,36.701,--,4.031,3.881,3.942,--,0.713,2.10,0.17,1.50,0.19,0.48,2151.168414,--,7.9852,--,0.002448346901,--,,,,,
9.0,6,65.000,65.313,65.764,28.965,88.887,8/1/2023,0:59:00,--,--,--,--,--,--,--,--,--,--,--,--,--,21.984,5.217,5.216,--,--,36.731,36.723,--,--,4.031,3.881,--,--,0.747,--,--,--,--,--,--,--,--,--,--,--,,,,,
9.0,7,65.000,65.420,65.871,28.965,88.887,8/1/2023,0:59:00,--,--,--,--,--,--,--,--,--,--,--,--,--,21.949,5.213,5.212,--,--,36.736,36.728,--,--,4.024,3.874,--,--,0.711,--,--,--,--,--,--,--,--,--,--,--,,,,,
9.0,8,65.000,65.427,65.878,28.965,88.887,8/1/2023,0:59:00,--,--,--,--,--,--,--,--,--,--,--,--,--,21.954,5.212,5.211,--,--,36.723,36.715,--,--,4.031,3.881,--,--,0.746,--,--,--,--,--,--,--,--,--,--,--,,,,,
9.0,9,0.000,2.195,2.210,28.965,88.887,8/1/2023,0:59:00,X,103,095,S173,E67,--,S568,Q152,153,404W,X,--,--,31.282,5.315,5.314,6.130,--,30.693,30.686,36.042,--,2.838,2.732,4.553,--,0.550,0.04,0.03,1.10,0.00,0.33,2063.708057,--,8.113,--,0.002454210759,--,,,,,
9.0,10,0.000,2.172,2.187,28.965,88.887,8/1/2023,0:59:00,--,--,--,--,--,--,--,--,--,--,--,--,--,30.815,5.388,5.387,--,--,31.462,31.455,--,--,3.137,3.020,--,--,0.406,--,--,--,--,--,--,--,--,--,--,--,Niskin did not fire.,,,,
9.0,11,0.000,2.198,2.213,28.965,88.887,8/1/2023,0:59:00,--,--,--,--,--,--,--,--,--,--,--,--,--,30.512,5.414,5.413,--,--,31.829,31.822,--,--,3.147,3.030,--,--,0.443,--,--,--,--,--,--,--,--,--,--,--,,,,,
9.0,12,0.000,2.288,2.303,28.965,88.887,8/1/2023,0:59:00,--,--,--,--,--,--,--,--,--,--,--,--,--,30.528,5.451,5.450,--,--,32.063,32.056,--,--,3.042,2.929,--,--,0.526,--,--,--,--,--,--,--,--,--,--,--,,,,,
10.0,1,219.000,215.879,217.447,29.068,88.653,8/1/2023,2:49:00,--,102,265,S174,E78,--,S555,Q135,141,407W,X,X,--,15.790,4.502,4.501,4.511,--,36.098,36.090,36.184,--,3.091,2.976,2.984,--,-0.101,14.17,0.87,5.80,0.05,0.13,2192.461177,--,7.8418,--,0.002393572181,--,,,,,
10.0,2,219.000,215.880,217.449,29.068,88.653,8/1/2023,2:49:00,--,--,--,--,--,--,--,--,--,--,--,--,--,15.787,4.501,4.500,--,--,36.098,36.090,--,--,3.088,2.973,--,--,-0.096,--,--,--,--,--,--,--,--,--,--,--,,,,,
10.0,3,219.000,215.876,217.445,29.068,88.653,8/1/2023,2:49:00,--,--,--,--,--,--,--,--,--,--,--,--,--,15.786,4.501,4.500,--,--,36.099,36.091,--,--,3.086,2.971,--,--,-0.100,--,--,--,--,--,--,--,--,--,--,--,Niskin did not have caps.,,,,
10.0,4,219.000,215.861,217.429,29.068,88.653,8/1/2023,2:49:00,--,--,--,--,--,--,--,--,--,--,--,--,--,15.787,4.501,4.500,--,--,36.098,36.090,--,--,3.084,2.969,--,--,-0.098,--,--,--,--,--,--,--,--,--,--,--,,,,,
10.0,5,63.000,63.713,64.152,29.068,88.653,8/1/2023,2:49:00,--,101,387,S175,E85,--,S574,Q143,142,410W,X,X,--,23.715,5.384,5.383,5.420,--,36.589,36.581,36.868,--,2.560,2.464,3.749,--,0.864,2.17,0.09,1.10,0.27,0.20,2140.698692,--,8.0093,--,0.0024413389,--,,,,,
10.0,6,63.000,63.718,64.157,29.068,88.653,8/1/2023,2:49:00,--,--,--,--,--,--,--,--,--,--,--,--,--,23.740,5.397,5.396,--,--,36.663,36.655,--,--,2.576,2.480,--,--,0.870,--,--,--,--,--,--,--,--,--,--,--,,,,,
10.0,7,63.000,63.697,64.136,29.068,88.653,8/1/2023,2:49:00,--,--,--,--,--,--,--,--,--,--,--,--,--,23.758,5.409,5.408,--,--,36.741,36.733,--,--,2.719,2.617,--,--,0.925,--,--,--,--,--,--,--,--,--,--,--,,,,,
10.0,8,63.000,63.713,64.152,29.068,88.653,8/1/2023,2:49:00,--,--,--,--,--,--,--,--,--,--,--,--,--,23.762,5.408,5.407,--,--,36.733,36.725,--,--,2.732,2.630,--,--,1.007,--,--,--,--,--,--,--,--,--,--,--,,,,,
10.0,9,0.000,2.268,2.284,29.068,88.653,8/1/2023,2:49:00,X,001,336,S176,E94,X,S575,Q128,132,413W,X,X,--,27.602,5.699,5.698,5.716,--,35.838,35.830,35.962,--,3.334,3.210,4.460,--,-0.024,0.00,0.00,0.90,0.00,0.13,2055.891116,--,8.1241,--,0.002414708296,--,,,,,
10.0,10,0.000,2.257,2.273,29.068,88.653,8/1/2023,2:49:00,--,--,--,--,--,--,--,--,--,--,--,--,--,29.847,5.812,5.811,--,--,34.952,34.944,--,--,2.896,2.788,--,--,-0.009,--,--,--,--,--,--,--,--,--,--,--,,,,,
10.0,11,0.000,2.323,2.338,29.068,88.653,8/1/2023,2:49:00,--,--,--,--,--,--,--,--,--,--,--,--,--,30.505,5.906,5.905,--,--,35.109,35.101,--,--,2.892,2.784,--,--,-0.007,--,--,--,--,--,--,--,--,--,--,--,,,,,
10.0,12,0.000,2.250,2.265,29.068,88.653,8/1/2023,2:49:00,--,--,--,--,--,--,--,--,--,--,--,--,--,31.171,6.025,6.024,--,--,35.424,35.416,--,--,3.047,2.933,--,--,-0.002,--,--,--,--,--,--,--,--,--,--,--,Niskin did not fire.,,,,
11.0,1,1477.000,1475.675,1490.927,28.710,88.285,8/1/2023,6:20:00,--,107,348,S181,E93,--,S547,Q109,125,416W,X,X,--,4.282,3.344,3.343,3.344,--,34.974,34.966,34.974,--,5.028,4.841,4.690,--,-0.096,22.93,1.53,25.70,0.04,0.10,2198.489308,--,7.7835,--,0.002357899544,--,,,,,
11.0,2,1300.000,1300.868,1313.762,28.710,88.285,8/1/2023,6:20:00,--,109,--,--,E80,--,S576 / S554,Q113,124,419W,X,X,--,4.409,3.347,3.347,3.347,--,34.967,34.960,34.964,--,4.864,4.683,4.665,--,-0.097,23.84 / 23.90,1.63 / 1.71,25.90 / 25.90,0.00 / 0.00,0.25 / 0.33,--,--,--,--,--,--,,,,,
11.0,3,1150.000,1151.441,1162.436,28.710,88.285,8/1/2023,6:20:00,--,--,--,--,--,--,--,--,--,--,--,--,--,4.641,3.361,3.360,--,--,34.957,34.949,--,--,4.613,4.441,--,--,-0.099,--,--,--,--,--,--,--,--,--,--,--,Skipped niskin. Meant to be a dupe.,,,,
11.0,4,1000.000,1000.743,1009.932,28.710,88.285,8/1/2023,6:20:00,--,111,304,S186,E95,--,S572,Q117,139,422W,X,--,--,5.136,3.398,3.397,3.397,--,34.938,34.931,34.941,--,4.166,4.011,3.887,--,-0.096,26.81,1.84,26.00,0.00,0.41,2211.858402,--,7.7399,--,0.002352709359,--,,,,,
11.0,5,800.000,800.195,807.152,28.710,88.285,8/1/2023,6:20:00,--,113,--,--,E82,--,S570,Q445,134,421W,X,--,--,5.793,3.447,3.446,3.446,--,34.919,34.911,34.916,--,3.694,3.556,3.496,--,-0.097,28.66,1.91,25.10,0.00,0.17,--,--,--,--,--,--,,,,,
11.0,6,600.000,601.070,606.003,28.710,88.285,8/1/2023,6:20:00,--,114 / 115,100,S180,E60,--,S548,Q134 / Q114,126,418W / 415W,X,--,--,7.338,3.581,3.580,3.581,3.581,34.937,34.930,34.940,34.934,3.025,2.912,2.848,2.923,-0.094,30.58,2.10,21.50,0.00,0.18,2222.800646,--,7.7243,--,0.002383632251,--,,,,,
11.0,7,350.000,350.578,353.240,28.710,88.285,8/1/2023,6:20:00,--,116,122,S185 / S179,E87,--,S565,Q112,128,412W,X,--,--,11.203,3.977,3.976,3.976,--,35.377,35.369,35.369,--,2.863,2.756,2.691,--,-0.102,24.81,1.58,12.30,0.00,0.25,2204.247245,2204.56238,7.7361,7.7367,0.002356129776,0.002366827463,O2 min,,,,
11.0,8,180.000,179.654,180.943,28.710,88.285,8/1/2023,6:20:00,--,117,283 / 102,S178,E86,--,S562,Q111,140,409W,X,--,--,15.835,4.506,4.505,4.504,--,36.113,36.105,36.093,--,3.374,3.248,3.214,--,-0.093,14.59,1.09,5.40,0.02,0.39,2179.701908,--,7.8461,--,0.002376105732,--,,,,,
11.0,9,180.000,179.801,181.092,28.710,88.285,8/1/2023,6:20:00,--,--,--,--,--,--,--,--,--,--,--,--,--,15.823,4.505,4.504,--,--,36.110,36.102,--,--,3.374,3.248,--,--,-0.096,--,--,--,--,--,--,--,--,--,--,--,,,,,
11.0,10,75.000,74.003,74.515,28.710,88.285,8/1/2023,6:20:00,--,118,049,S182,E81,--,S564,Q492,135,406W,X,X,--,22.107,5.228,5.227,5.223,--,36.712,36.703,36.677,--,3.946,3.799,3.731,--,0.824,1.16,0.14,1.30,0.35,0.30,2147.29129,--,7.9878,--,0.002422356937,--,DCM,,,,
11.0,11,30.000,30.573,30.781,28.710,88.285,8/1/2023,6:20:00,--,119,137,S183,E70,--,S560,Q110,133 / 131,403W,X,X,--,29.048,5.867,5.866,5.937,--,35.905,35.897,36.395,--,3.054,2.940,4.747,--,0.025,0.00,0.03,0.90,0.00,0.33,2049.672568,--,8.1079,--,0.002399728331,--,,,,,
11.0,12,0.000,1.949,1.963,28.710,88.285,8/1/2023,6:20:00,X,120,039,S177,E92,--,S540,Q125,138,400W,X,X,--,30.917,5.683,5.682,5.696,--,33.338,33.331,33.423,--,3.650,3.514,4.373,--,0.043,0.00,0.00,1.40,0.00,0.17,2021.136726,--,8.1313,--,0.002393016626,--,,,,,
12.0,1,2248.000,2245.444,2272.822,28.418,88.005,8/1/2023,10:28:00,--,131,197,S222,E98,--,S545,Q155 / Q447,136,673W,X,X,B1 ABCD,4.293,3.377,3.376,3.376,--,34.978,34.970,34.973,--,5.027,4.840,4.868,--,-0.100,16.29,1.51,18.80,0.00,0.72,2187.757639,--,7.8065,--,0.002396580186,--,,,,,
12.0,2,2000.000,1998.798,2021.983,28.418,88.005,8/1/2023,10:28:00,--,132 / 130,097,S301,E79,--,S541,Q051,121,670W,X,X,B2 ABCD,4.286,3.366,3.366,3.365,--,34.977,34.969,34.972,--,5.049,4.861,3.684,3.942,-0.100,22.82,1.55,25.20,0.00,0.36,2198.049649,--,7.7625,--,0.00233799566,--,,,,,
12.0,3,1800.000,1798.667,1818.662,28.418,88.005,8/1/2023,10:28:00,--,129,--,--,E99,--,S544,Q140,112,652W / 655W,X,X,B3 ABCD,4.288,3.358,3.358,3.357,3.358,34.976,34.968,34.969,34.979,5.031,4.844,4.882,--,-0.101,23.01,1.87,25.50,0.00,0.33,--,--,--,--,--,--,,,,,
12.0,4,1600.000,1599.035,1616.039,28.418,88.005,8/1/2023,10:28:00,--,128,390,S196 / S192,19,--,S579,Q148,115,658W,X,--,B4 ABCD,4.311,3.352,3.351,3.351,--,34.974,34.966,34.976,--,4.986,4.801,4.832,--,-0.098,23.28,1.65,25.60,0.02,0.54,2192.695382,2190.091025,7.8075,7.8013,0.002396431037,0.002375271899,,,,,
12.0,5,1400.000,1399.806,1414.016,28.418,88.005,8/1/2023,10:28:00,--,143,050 / 244,S210,E100,--,S577,Q147,137,661W,X,--,S1 / S2,4.372,3.349,3.348,3.348,--,34.970,34.962,34.970,--,4.901,4.718,4.703,--,-0.098,23.72,1.78,25.90,0.00,0.48,2202.129431,--,7.7846,--,0.002388668282,--,,,,,
12.0,6,1200.000,1199.989,1211.589,28.418,88.005,8/1/2023,10:28:00,--,142,--,--,E90,--,S552,Q147,111 / 129,664W,X,--,S3,4.580,3.358,3.357,3.357,--,34.960,34.952,34.960,--,4.657,4.484,4.438,--,-0.097,23.90,2.14,25.30,0.02,0.92,--,--,--,--,--,--,,,,,
12.0,7,800.000,800.167,807.123,28.418,88.005,8/1/2023,10:28:00,--,145,124.000,S201,E68,--,S539,Q139,113,667W,--,--,S4,5.974,3.463,3.462,3.462,--,34.915,34.908,34.913,--,3.583,3.450,3.457,--,-0.096,27.96,2.94,23.70,0.02,0.53,2206.158314,--,7.6888,--,0.002337958623,--,,,,,
12.0,8,460.000,459.474,463.086,28.418,88.005,8/1/2023,10:28:00,--,147,288,S200,E83,--,S551,Q141,120,651W,--,--,S5,9.815,3.831,3.831,3.831,--,35.197,35.189,35.194,--,2.668,2.569,2.560,--,-0.100,28.14,1.73,15.60,0.00,0.13,2208.679166,--,7.7262,--,0.002379736359,--,O2 min. Cap loose on nutrient sample.,,,,
12.0,9,240.000,241.309,243.077,28.418,88.005,8/1/2023,10:28:00,--,148,359,S208,E58,--,S563 / S569,Q455,114,654W,--,--,S6,14.458,4.345,4.344,4.344,--,35.883,35.875,35.873,--,3.212,3.093,3.116,--,-0.102,17.36 / 12.63,1.15 / 0.86,6.90 / 4.80,0.00 / 0.00,0.20 / 0.10,2186.178199,--,7.801,--,0.00237424187,--,,,,,
63.0,10,62.000,62.234,62.662,28.418,88.005,8/1/2023,10:28:00,--,154,375,S193,E89,--,S522,Q146 / Q150,122,657W,X,X,S7,23.167,5.298,5.297,5.296,--,36.379,36.371,36.367,--,4.596,4.425,4.390,--,0.568,0.04,0.02,1.80,0.17,0.14,2119.21156,--,8.0434,--,0.002421452033,--,DCM,,,,
12.0,11,25.000,25.016,25.186,28.418,88.005,8/1/2023,10:28:00,--,158,029,S199,E96,--,S550,Q154,130,660W,X,X,S8,29.713,5.944,5.943,5.950,--,35.943,35.935,35.985,--,3.283,3.161,4.616,--,0.029,0.03,0.04,1.20,0.00,0.16,2061.97236,--,8.1105,--,0.002491690201,--,,,,,
12.0,12,0.000,1.783,1.795,28.418,88.005,8/1/2023,10:28:00,X,152,323.000,S209,E88,X,S567,Q187,123,663W,X,X,S9,31.019,5.678,5.677,5.678,--,33.235,33.228,33.231,--,3.430,3.302,4.342,--,0.035,0.04,0.03,1.90,0.00,0.06,2034.317112,--,8.1195,--,0.002419562145,--,,,,,
13.0,1,2553.000,2549.955,2582.910,28.121,87.717,8/1/2023,14:46:00,--,102,032,S190,D15,--,S523,Q204,117,666W,X,X,B1 ABCD,4.316,3.391,3.391,3.389,--,34.979,34.972,34.969,--,5.042,4.854,4.928,--,-0.100,22.77,1.53,26.00,0.02,0.15,2194.224698,--,7.8159,--,0.002385294912,--,,,,,
13.0,2,2200.000,2198.394,2224.950,28.121,87.717,8/1/2023,14:46:00,--,105 / 104,003,S187,D97,--,S536 / S546,Q203,109,669W,X,--,B2 ABCD,4.295,3.375,3.375,3.374,--,34.978,34.970,34.975,--,5.051,4.863,4.977,4.960,-0.098,22.91 / 22.98,1.54 / 1.58,25.20 / 25.50,0.02 / 0.02,0.17 / 0.34,2198.067021,--,7.7813,--,0.00235015781,--,,,,,
13.0,3,1800.000,1799.082,1819.083,28.121,87.717,8/1/2023,14:46:00,--,103,396 / 370,S188,D4,--,S538,Q201 / Q200,119,672W,X,--,B3 ABCD,4.292,3.359,3.358,3.357,--,34.976,34.968,34.971,--,5.022,4.835,4.958,--,-0.098,23.11,1.56,25.60,0.00,0.16,2190.354618,--,7.7884,--,0.002360041684,--,,,,,
13.0,4,1500.000,1499.208,1514.788,28.121,87.717,8/1/2023,14:46:00,--,101,125,S202,D5,--,S537,Q195,107 / 118,650W,X,--,B4 ABCD,4.340,3.350,3.349,3.348,--,34.972,34.964,34.957,--,4.936,4.752,4.784,--,-0.103,23.55,1.58,26.10,0.00,0.14,2199.448201,--,7.7785,--,0.002363238878,--,,,,,
13.0,5,1200.000,1199.485,1211.078,28.121,87.717,8/1/2023,14:46:00,--,001,092,--,D66,--,S556,Q163,116,653W / 656W,X,--,B5 ABC,4.602,3.360,3.359,3.360,3.359,34.959,34.952,34.962,34.952,4.634,4.461,4.447,--,-0.100,24.68,1.64,25.90,0.00,0.20,--,--,--,--,--,--,,,,,
13.0,6,1000.000,999.694,1008.870,28.121,87.717,8/1/2023,14:46:00,--,114,070,S217 / S203,D87,--,S533,Q172,108,659W,X,X,S1 / S8,5.161,3.400,3.399,3.399,--,34.938,34.930,34.930,--,4.125,3.972,4.036,--,-0.099,27.14,1.81,26.60,0.00,0.12,2196.870053,2214.676959,7.7179,7.7518,0.002343577236,0.002377373999,,,,,
13.0,7,600.000,599.971,604.893,28.121,87.717,8/1/2023,14:46:00,--,113,133,S220,D56,--,S561,Q188,105,662W,X,--,S2,7.713,3.617,3.617,3.616,--,34.956,34.948,34.944,--,2.996,2.884,2.991,--,-0.095,30.15,1.93,20.40,0.00,0.14,2206.19613,--,7.7031,--,0.002362038679,--,,,,,
13.0,8,424.000,420.311,423.575,28.121,87.717,8/1/2023,14:46:00,--,111,104,S225,D14,--,S578,Q160,106,665W,X,--,S3,10.842,3.942,3.941,3.941,--,35.340,35.332,35.336,--,2.597,2.500,2.526,--,-0.097,26.50,1.68,13.80,0.00,0.29,2211.369902,--,7.7193,--,0.002358280925,--,O2 min,,,,
13.0,9,205.000,203.777,205.252,28.121,87.717,8/1/2023,14:46:00,--,109,082,--,D27,--,S530,Q180,110,668W,X,--,S4,16.197,4.550,4.549,4.543,--,36.168,36.160,36.108,--,3.270,3.148,3.201,--,-0.097,12.19,0.72,4.30,0.02,0.30,--,--,--,--,--,--,,,,,
13.0,10,69.000,70.980,71.470,28.121,87.717,8/1/2023,14:46:00,--,107,342,S262,D76,--,S543,Q165,103,671W,X,X,S5,22.924,5.286,5.285,5.282,--,36.484,36.476,36.458,--,4.702,4.526,4.503,--,0.527,0.04,0.21,1.40,0.07,0.48,2109.507664,--,8.0396,--,0.002438660224,--,DCM,,,,
13.0,11,25.000,25.089,25.260,28.121,87.717,8/1/2023,14:46:00,--,115,368,S302,D16,--,S524,Q159,104,252W,X,X,S6,30.954,6.062,6.061,6.078,--,35.821,35.813,35.928,--,3.495,3.365,4.485,--,0.010,0.00,0.08,1.50,0.02,0.30,2049.68297,--,8.1091,--,0.002404740338,--,,,,,
13.0,12,0.000,1.971,1.985,28.121,87.717,8/1/2023,14:46:00,X,121,024,S303,D25,--,S528,Q176,101,255W,X,X,S7,31.334,5.760,5.759,5.761,--,33.561,33.554,33.562,--,3.669,3.532,4.362,--,-0.039,0.00,0.02,2.00,0.00,0.15,2046.44403,--,8.1361,--,0.002376653279,--,,,,,
14.0,1,2830.000,2826.978,2865.387,27.972,87.361,8/1/2023,20:06:00,--,149,299,S304,D74,--,S527,Q177,102,258W,X,X,--,4.347,3.405,3.404,3.401,--,34.980,34.972,34.950,--,5.029,4.842,4.959,--,-0.097,21.71,1.51,24.60,0.00,0.16,2199.550748,--,7.773,--,0.002352632282,--,,,,,
14.0,2,2350.000,2344.083,2373.220,27.972,87.361,8/1/2023,20:06:00,--,131,093,S189,D44,--,S559,Q186,291,261W,X,--,--,4.306,3.382,3.382,3.381,--,34.978,34.970,34.970,--,5.044,4.857,4.900,--,-0.101,20.18,1.42,22.30,0.00,0.27,2190.654878,--,7.8199,--,0.002385127745,--,,,,,
14.0,3,2000.000,1996.106,2019.247,27.972,87.361,8/1/2023,20:06:00,--,132,296,S211,D22,--,S558,Q154,292 / 293,264W,X,--,--,4.294,3.367,3.366,3.366,--,34.977,34.969,34.970,--,5.026,4.839,4.902,--,-0.097,23.07,1.54,25.10,0.00,0.24,2200.962385,--,7.7814,--,0.002364578216,--,,,,,
14.0,4,1650.000,1646.535,1664.233,27.972,87.361,8/1/2023,20:06:00,--,130,005 / 364,--,D36,--,S498 / S534,Q202,294,267W,X,--,--,4.318,3.354,3.354,3.353,--,34.974,34.966,34.967,--,4.969,4.784,4.828,--,-0.103,23.46 / 23.33,1.56 / 1.58,25.70 / 25.40,0.00 / 0.00,0.31 / 0.40,--,--,--,--,--,--,,,,,
14.0,5,1300.000,1297.954,1310.810,27.972,87.361,8/1/2023,20:06:00,--,129 / 128,280,S215,D13,--,S489,Q196,300,270W,X,--,--,4.490,3.354,3.354,3.353,--,34.964,34.956,34.958,--,4.751,4.575,4.544,4.692,-0.100,24.32,1.62,26.00,0.00,0.28,2200.635484,--,7.7913,--,0.002389045659,--,,,,,
14.0,6,950.000,947.803,956.383,27.972,87.361,8/1/2023,20:06:00,--,154,352,S213 / S305,D84,--,S495,Q193 / Q182,299,273W,X,--,--,5.517,3.429,3.428,3.428,--,34.927,34.919,34.917,--,3.863,3.719,3.699,--,-0.099,27.85,1.84,25.30,0.00,0.17,2213.579844,2217.6942,7.7077,7.7041,0.002357794439,0.002337524189,,,,,
14.0,7,600.000,599.496,604.413,27.972,87.361,8/1/2023,20:06:00,--,148,378,S223,D85,--,S553,Q178,297,251W,X,--,--,7.984,3.645,3.644,3.644,--,34.983,34.975,34.971,--,2.874,2.767,2.759,--,-0.098,30.46,2.08,20.40,0.00,0.28,2206.373758,--,7.6883,--,0.00234026793,--,,,,,
14.0,8,400.000,399.446,402.527,27.972,87.361,8/1/2023,20:06:00,--,147,270,S218,D93,--,S529,Q191,298,254W,X,X,--,11.296,3.990,3.989,3.986,--,35.393,35.385,35.351,--,2.746,2.643,2.747,--,-0.097,2.50,1.50,11.20,0.00,0.29,2207.565744,--,7.7526,--,0.002394918526,--,,,,,
14.0,9,200.000,199.254,200.694,27.972,87.361,8/1/2023,20:06:00,--,145,254,--,D21,--,S542,Q185,295,257W / 260W,X,--,--,16.755,4.617,4.616,4.612,4.611,36.258,36.250,36.217,36.208,3.442,3.314,3.287,--,-0.066,12.91,0.73,4.50,0.02,0.21,--,--,--,--,--,--,,,,,
14.0,10,115.000,114.725,115.530,27.972,87.361,8/1/2023,20:06:00,--,142,080,S197,D34,--,S520,Q192,296,263W,X,X,--,19.891,4.982,4.981,4.978,--,36.615,36.607,36.585,--,3.152,3.034,3.000,--,0.028,9.26,0.44,3.20,0.03,0.27,2179.998344,--,7.9065,--,0.002422874454,--,,,,,
14.0,11,70.000,69.850,70.332,27.972,87.361,8/1/2023,20:06:00,--,143,094,S204,D66,--,S549,Q183,283,266W,X,--,--,24.319,5.442,5.441,5.440,--,36.527,36.519,36.520,--,4.632,4.459,4.512,--,0.583,0.04,0.13,1.30,0.06,0.55,2113.365248,--,8.0485,--,0.002444132691,--,DCM,,,,
14.0,12,0.000,2.899,2.919,27.972,87.361,8/1/2023,20:06:00,X,160,237,S277,D64,X,S557,Q184,281,269W,X,X,--,31.414,5.859,5.857,5.881,--,34.151,34.144,34.295,--,3.249,3.128,4.313,--,-0.036,0.04,0.00,1.60,0.00,0.21,2047.062389,--,8.148,--,0.002432628198,--,,,,,
15.0,1,2949.000,2945.781,2986.640,27.839,86.990,8/2/2023,0:45:00,--,122,106,S206,D3,--,S566 / S487,Q166,275,272W,X,--,--,4.360,3.411,3.410,3.409,--,34.980,34.972,34.974,--,5.036,4.849,4.993,--,-0.098,22.48 / 22.45,1.55 / 1.55,26.00 / 25.40,0.00 / 0.00,0.91 / 0.98,2200.347788,--,7.7945,--,0.00237666429,--,,,,,
15.0,2,2500.000,2497.038,2528.992,27.839,86.990,8/2/2023,0:45:00,--,123,291,S195,D83,--,S503,Q189,274,250W,X,--,--,4.319,3.389,3.389,3.387,--,34.978,34.971,34.967,--,5.040,4.852,4.992,--,-0.096,22.24,1.53,24.90,0.00,0.27,2187.255134,--,7.7681,--,0.002354440088,--,,,,,
15.0,3,2100.000,2097.010,2121.830,27.839,86.990,8/2/2023,0:45:00,--,124,030,--,D61,--,S521,Q161,284,253W,X,--,--,4.297,3.371,3.371,3.369,--,34.977,34.969,34.963,--,5.028,4.840,4.918,--,-0.095,21.88,1.67,24.30,0.00,0.36,--,--,--,--,--,--,,,,,
15.0,4,1700.000,1698.583,1717.054,27.839,86.990,8/2/2023,0:45:00,--,125,371,S194 / S224,D51,--,S535,Q179,289,256W,X,--,--,4.303,3.355,3.355,3.354,--,34.975,34.967,34.969,--,4.989,4.803,4.605,--,-0.101,21.49,1.50,23.80,0.00,0.09,2191.306229,2186.663202,7.7293,7.7838,0.002340141804,0.0023686663,,,,,
15.0,5,1300.000,1299.364,1312.238,27.839,86.990,8/2/2023,0:45:00,--,126,338,S216,D91,--,S526,Q190,271,259W,X,--,--,4.453,3.351,3.351,3.349,--,34.966,34.958,34.948,--,4.782,4.604,4.614,--,-0.100,24.02,1.62,26.00,0.02,0.15,2197.888148,--,7.7758,--,0.002364394032,--,,,,,
15.0,6,900.000,899.037,907.070,27.839,86.990,8/2/2023,0:45:00,--,127 / 120,353,S214,D33,--,S505,Q175,288,262W,X,--,--,5.721,3.445,3.444,3.443,--,34.920,34.913,34.906,--,3.724,3.586,3.593,3.561,-0.101,28.52,1.93,25.30,0.00,0.43,2215.544367,--,7.7129,--,0.002362577217,--,,,,,
15.0,7,500.000,498.479,502.445,27.839,86.990,8/2/2023,0:45:00,--,117,045,--,D32,--,S507,Q162,272,265W / 268W,X,--,--,9.687,3.818,3.817,3.815,3.815,35.165,35.158,35.137,35.136,2.805,2.700,2.724,--,-0.093,27.80,1.77,15.70,0.00,0.17,--,--,--,--,--,--,,,,,
15.0,8,300.000,300.312,302.555,27.839,86.990,8/2/2023,0:45:00,--,116,103 / 333,S308,D23,--,S531,Q158 / Q181,285,271W,X,--,--,13.549,4.241,4.240,4.238,--,35.734,35.726,35.709,--,3.166,3.048,3.106,--,-0.096,18.73,1.14,7.80,0.00,0.35,2179.33769,--,7.6632,--,0.002341192854,--,,,,,
15.0,9,105.000,104.389,105.118,27.839,86.990,8/2/2023,0:45:00,--,119,402,S307,D43,--,S492,Q170,286 / 290,152W,X,--,--,21.078,5.127,5.126,5.118,--,36.776,36.768,36.709,--,3.528,3.397,3.462,--,0.156,7.32,0.38,2.40,0.05,0.21,2145.74086,--,7.8144,--,0.002401341943,--,,,,,
15.0,10,75.000,74.589,75.105,27.839,86.990,8/2/2023,0:45:00,--,118,025,S306,D81,--,S493,Q169,273,155W,X,--,--,23.491,5.368,5.367,5.359,--,36.649,36.641,36.577,--,4.496,4.328,4.199,--,0.573,0.48,0.08,1.60,0.20,0.29,2106.929926,--,7.9408,--,0.002424225804,--,DCM,,,,
15.0,11,25.000,25.267,25.439,27.839,86.990,8/2/2023,0:45:00,--,121,--,--,--,--,--,--,--,--,--,--,--,26.362,5.639,5.638,--,--,36.365,36.356,--,--,2.909,2.801,4.591,--,0.025,--,--,--,--,--,--,--,--,--,--,--,Niskin failed leak test.,,,,
15.0,12,0.000,2.815,2.834,27.839,86.990,8/2/2023,0:45:00,X,115,136,S207,D94,--,S525,Q171,282,158W,X,--,--,30.016,5.882,5.881,5.686,--,35.301,35.293,33.979,--,2.975,2.864,4.486,--,-0.007,0.00,0.05,1.80,0.03,0.20,2044.007013,--,8.1193,--,0.002402881481,--,,,,,
16.0,1,3074.000,3070.529,3114.032,27.700,86.648,8/2/2023,5:15:00,1 / 2,149,236,S318,D92,--,S465,Q084,287,161W,X,--,B1 AB,4.376,3.417,3.416,3.415,--,34.980,34.972,34.970,--,5.024,4.837,--,--,-0.106,22.56,1.63,25.30,0.00,0.18,2182.479345,--,7.6655,--,0.002338172837,--,Oxygen bottle sample failed to reach endpoint.,,,,
16.0,2,3024.000,3020.827,3063.268,27.700,86.648,8/2/2023,5:15:00,3,131,382,S313,D54,--,S184,Q076 / Q067,262,164W,X,--,B2 ABCD,4.370,3.414,3.414,3.412,--,34.980,34.972,34.970,--,5.025,4.838,4.921,--,-0.099,22.39,1.50,25.30,0.00,0.16,2183.143577,--,7.6461,--,0.002327277953,--,,,,,
16.0,3,2974.000,2970.804,3012.188,27.700,86.648,8/2/2023,5:15:00,4,132,337,S312 / S317,D24,--,S445,Q068,261,167W,X,--,B3 AB,4.364,3.412,3.411,3.410,--,34.980,34.972,34.972,--,5.027,4.840,4.922,--,-0.100,22.59,1.55,25.40,0.00,0.22,2182.964672,2184.181509,7.7374,7.7039,0.002337840505,0.002334368036,,,,,
16.0,4,2500.000,2497.686,2529.652,27.700,86.648,8/2/2023,5:15:00,8,130,043,S311,D42,--,S185,Q066,265,170W / 173W,X,--,B4 ABC,4.320,3.390,3.389,3.388,3.388,34.979,34.971,34.970,34.970,5.035,4.848,4.555,--,-0.101,22.03,1.49,24.60,0.00,0.24,2184.819136,--,7.7099,--,0.002346843499,--,,,,,
16.0,5,2000.000,1998.793,2021.977,27.700,86.648,8/2/2023,5:15:00,13,129,053 / 075,--,D52,--,S444 / S464,Q083,264,151W,X,--,B5 ABC,4.292,3.367,3.366,3.366,--,34.977,34.969,34.973,--,5.021,4.834,4.898,--,-0.101,22.81 / 22.81,1.54 / 1.55,25.40 / 25.20 ,0.00 / 0.00,0.22 / 0.38,--,--,--,--,--,--,,,,,
16.0,6,1500.000,1499.475,1515.059,27.700,86.648,8/2/2023,5:15:00,12,128,011,S310,D20,--,S475,Q064,263,154W,X,--,S1 ABC,4.329,3.349,3.349,3.348,--,34.973,34.965,34.961,--,4.930,4.746,4.738,--,-0.098,23.35,1.55,25.60,0.00,0.21,2188.414299,--,7.6815,--,0.002335386053,--,,,,,
16.0,7,1000.000,1014.206,1023.552,27.700,86.648,8/2/2023,5:15:00,6,154,--,S316,D41,--,S472,Q074,278,157W,--,--,S2 AB,5.098,3.395,3.394,3.394,--,34.941,34.933,34.936,--,4.167,4.012,2.914,--,-0.102,26.57,1.87,26.00,0.00,0.43,2201.213751,--,7.698,--,0.002348872526,--,,,,,
16.0,8,1000.000,1013.321,1022.656,27.700,86.648,8/2/2023,5:15:00,--,--,--,--,--,--,--,--,--,--,--,--,--,5.100,3.395,3.394,--,--,34.938,34.930,--,--,4.163,4.008,--,--,-0.098,--,--,--,--,--,--,--,--,--,--,--,Niskin fired while in motion.,,,,
16.0,9,430.000,429.249,432.591,27.700,86.648,8/2/2023,5:15:00,5,148,286,S315,D12,--,S453,Q063,277,160W,--,--,S2 / S6,10.373,3.890,3.889,3.902,--,35.263,35.255,35.386,--,2.748,2.646,2.698,--,-0.098,24.68,1.55,12.60,0.00,0.25,2197.588923,--,7.6243,--,0.002337900565,--,O2 min,,,,
16.0,10,140.000,140.231,141.223,27.700,86.648,8/2/2023,5:15:00,11,147 / 145,273,S309,D62,--,S455,Q081,280,163W,--,--,S4,19.512,4.931,4.930,4.929,--,36.513,36.505,36.501,--,3.056,2.943,2.931,2.943,-0.034,10.18,0.53,4.20,0.02,0.29,2177.742112,--,7.8738,--,0.002400382985,--,First O2 min,,,,
16.0,11,68.000,68.529,69.002,27.700,86.648,8/2/2023,5:15:00,9,142,290,S314,D73,--,S424,Q065,279,166W,X,--,S5,23.693,5.381,5.380,5.369,--,36.582,36.574,36.494,--,4.536,4.367,4.513,--,0.502,0.10,0.26,1.30,0.08,0.50,2107.663388,--,7.9917,--,0.00243655412,--,DCM,,,,
16.0,12,0.000,3.812,3.838,27.700,86.648,8/2/2023,5:15:00,10,143,010,S221,D71,X,S473,Q082,276 / 267,169W,X,--,--,27.782,5.783,5.781,5.255,--,36.291,36.283,32.582,--,2.903,2.795,4.247,--,0.068,0.16,0.24,1.20,0.00,0.32,2024.561397,--,8.1439,--,0.002382384004,--,,,,,
17.0,1,3078.000,3074.112,3117.693,27.558,86.289,8/2/2023,10:19:00,1 / 2,155,021,S329,D31,--,S474,Q087 / Q079,258,172W,X,--,--,4.376,3.417,3.416,3.415,--,34.980,34.972,34.969,--,5.031,4.844,4.917,--,-0.100,18.87,1.36,21.40,0.00,0.07,2184.172564,--,7.6129,--,0.002320711393,--,Lost communication with CTD at ~1150 m. Could not reconnect. Sampled ,,,,
17.0,2,3028.000,3023.156,3065.647,27.558,86.289,8/2/2023,10:19:00,3 / 4,156 / 157,294,S330,D95,--,S425,Q088,268,150W,X,--,--,4.370,3.415,3.414,3.412,--,34.980,34.972,34.969,--,5.033,4.845,4.881,4.920,-0.103,21.60,1.61,24.40,0.02,0.43,2192.618319,--,7.6814,--,0.002340985647,--,bottles 1 - 6. ,,,,
17.0,3,2978.000,2973.486,3014.926,27.558,86.289,8/2/2023,10:19:00,13 / 8,159,028 / 363,S327,D45,--,S423,Q062,251,153W,X,--,--,4.364,3.412,3.411,3.410,--,34.980,34.972,34.972,--,5.035,4.848,4.939,--,-0.088,22.63,1.53,25.60,0.00,0.42,2187.128518,--,7.6683,--,0.002343530189,--,,,,,
17.0,4,2650.000,2647.261,2682.091,27.558,86.289,8/2/2023,10:19:00,12,133,325,S328,D63,--,S463 / S442,Q174,269,156W,X,--,--,4.332,3.397,3.396,3.395,--,34.979,34.971,34.970,--,5.035,4.848,4.920,--,-0.099,22.63 / 22.54,1.55 / 1.58,26.10 / 25.30,0.00 / 0.00,0.22 / 0.50,2182.761473,--,7.6495,--,0.002332883553,--,,,,,
17.0,5,2050.000,2048.201,2072.202,27.558,86.289,8/2/2023,10:19:00,11,153,087,S325 / S326,D77,--,S183,Q072,270,159W,X,--,--,4.297,3.369,3.369,3.368,--,34.977,34.970,34.973,--,5.017,4.830,4.884,--,-0.100,22.79,1.54,25.90,0.00,0.62,2190.396024,2185.768968,7.6534,7.5739,0.002334030699,0.002301856557,,,,,
17.0,6,1250.000,1248.965,1261.186,27.558,86.289,8/2/2023,10:19:00,9,158,361,S324,D1,--,S194,Q069,260 / 259,162W,X,--,--,4.463,3.350,3.349,3.348,--,34.966,34.958,34.953,--,4.761,4.584,4.597,--,-0.097,24.17,1.63,26.20,0.00,0.36,2196.272318,--,7.6611,--,0.002342844504,--,,,,,
17.0,7,750.000,--,--,27.558,86.289,8/2/2023,10:19:00,--,--,--,--,--,--,--,--,--,--,--,--,--,--,--,--,--,--,--,--,--,--,--,--,--,--,--,--,--,--,--,--,--,--,--,--,--,--,,,,,
17.0,8,390.000,--,--,27.558,86.289,8/2/2023,10:19:00,--,--,--,--,--,--,--,--,--,--,--,--,--,--,--,--,--,--,--,--,--,--,--,--,--,--,--,--,--,--,--,--,--,--,--,--,--,--,O2 min,,,,
17.0,9,142.000,--,--,27.558,86.289,8/2/2023,10:19:00,--,--,--,--,--,--,--,--,--,--,--,--,--,--,--,--,--,--,--,--,--,--,--,--,--,--,--,--,--,--,--,--,--,--,--,--,--,--,First O2 min,,,,
17.0,10,78.000,--,--,27.558,86.289,8/2/2023,10:19:00,--,--,--,--,--,--,--,--,--,--,--,--,--,--,--,--,--,--,--,--,--,--,--,--,--,--,--,--,--,--,--,--,--,--,--,--,--,--,DCM,,,,
17.0,11,25.000,--,--,27.558,86.289,8/2/2023,10:19:00,--,--,--,--,--,--,--,--,--,--,--,--,--,--,--,--,--,--,--,--,--,--,--,--,--,--,--,--,--,--,--,--,--,--,--,--,--,--,Mix layer,,,,
17.0,12,0.000,--,--,27.558,86.289,8/2/2023,10:19:00,--,--,--,--,--,--,--,--,--,--,--,--,--,--,--,--,--,--,--,--,--,--,--,--,--,--,--,--,--,--,--,--,--,--,--,--,--,--,,,,,
18.0,1,3223.000,3219.029,3265.774,27.644,85.922,8/2/2023,22:55:00,1 / 2,155,139,S319,D29,--,S193,Q100,239 / 247,165W,X,--,B1 ABC,4.393,3.424,3.423,3.421,--,34.981,34.973,34.964,--,5.069,4.881,4.975,--,-0.100,22.40,1.51,24.90,0.00,0.27,2185.073364,--,7.6429,--,0.002331305977,--,Deep carboy,,,,
18.0,2,3175.000,3171.603,3217.302,27.644,85.922,8/2/2023,22:55:00,3,156,120,--,D80,--,S181,Q099,254,168W,X,--,B2 ABC,4.387,3.422,3.421,3.419,--,34.981,34.973,34.964,--,5.068,4.879,5.054,--,-0.101,22.50,1.53,25.00,0.00,0.40,--,--,--,--,--,--,Deep carboy,,,,
18.0,3,3125.000,3121.663,3166.271,27.644,85.922,8/2/2023,22:55:00,4,157,285,S322,D47,--,S182 / S441,Q092,252,171W / 473W,X,--,B3 ABC,4.381,3.419,3.419,3.416,3.417,34.981,34.973,34.965,34.975,5.066,4.878,5.000,--,-0.103,22.32 / 22.62,1.46 / 1.59,24.70 / 25.20,0.00 / 0.00,0.24 / 0.27,2181.004136,--,7.7488,--,0.002349706359,--,Deep carboy,,,,
18.0,4,2600.000,2597.441,2631.305,27.644,85.922,8/2/2023,22:55:00,13,159 / 133,058,S323,D67,--,S195,Q091,253,467W,X,--,B4 ABC,4.330,3.394,3.394,3.394,--,34.979,34.971,34.984,--,5.048,4.860,5.022,4.971,-0.104,22.79,1.53,25.30,0.00,0.24,2190.933849,--,7.6503,--,0.002333343012,--,Deep carboy,,,,
18.0,5,2075.000,2072.906,2097.321,27.644,85.922,8/2/2023,22:55:00,8,153,315,S320 / S331,D79,--,S462,Q106,245,470W,X,--,B5 ABC,4.298,3.371,3.370,3.370,--,34.977,34.970,34.979,--,5.027,4.840,4.983,--,-0.105,22.96,1.55,25.30,0.00,0.20,2183.471199,2196.67596,7.727,7.681,0.002347610265,0.002342161822,,,,,
18.0,6,1550.000,1546.862,1563.116,27.644,85.922,8/2/2023,22:55:00,11,158,306,S321,D35,--,S471,Q075,256,464W,X,--,S1 AB,4.328,3.351,3.350,3.351,--,34.973,34.966,34.980,--,4.950,4.765,4.706,--,-0.099,23.44,1.59,25.80,0.00,0.22,2160.957524,--,7.8151,--,0.0023420397,--,,,,,
18.0,7,1025.000,1023.955,1033.415,27.644,85.922,8/2/2023,22:55:00,17,152,274,S332,D82,--,S454,Q080 / Q108,255,461W,X,--,S2 AB,5.007,3.387,3.387,3.387,--,34.944,34.936,34.946,--,4.272,4.112,4.157,--,-0.102,25.17,1.73,25.00,0.00,0.17,2210.254108,--,7.7036,--,0.002340352014,--,,,,,
18.0,8,500.000,500.250,504.232,27.644,85.922,8/2/2023,22:55:00,5,134,123,S333,D2,--,S434,Q089,257,458W,X,--,S3,8.732,3.718,3.717,3.716,--,35.058,35.051,35.047,--,2.808,2.703,2.757,--,-0.095,29.55,1.91,18.60,0.00,0.23,2208.93579,--,7.5162,--,0.002308743437,--,,,,,
18.0,9,280.000,279.990,282.068,27.644,85.922,8/2/2023,22:55:00,9,150,033 / 401,S334,D53,--,S435,Q073,266,455W,X,--,S4,13.436,4.228,4.227,4.259,--,35.724,35.716,36.016,--,2.925,2.816,3.429,--,-0.103,12.07,0.73,5.90,0.04,0.14,2153.909438,--,7.8798,--,0.002398347952,--,,,,,
18.0,10,60.000,60.068,60.481,27.644,85.922,8/2/2023,22:55:00,10,151,297,S335,D86,--,S190,Q090,248,452W,X,--,S5,23.218,5.278,5.277,5.284,--,36.181,36.173,36.232,--,4.016,3.866,4.734,--,0.587,0.00,0.02,1.50,0.18,0.29,2089.193442,--,7.9,--,0.002384527145,--,DCM,,,,
18.0,11,25.000,26.056,26.233,27.644,85.922,8/2/2023,22:55:00,6,160,127,S336,D72,--,S422,Q029,238,472W,X,--,S6,24.783,5.438,5.436,5.437,--,36.135,36.127,36.133,--,3.297,3.174,4.778,--,0.057,0.03,0.10,1.50,0.00,0.19,2067.137805,--,7.9591,--,0.00239623384,--,,,,,
18.0,12,0.000,2.151,2.165,27.644,85.922,8/2/2023,22:55:00,12,143,040,S337,D75,X,S191,Q097,244,469W,X,--,S7,30.479,5.531,5.530,5.664,--,32.628,32.621,33.510,--,3.270,3.148,4.532,--,0.056,0.03,0.03,1.60,0.00,0.19,2028.670338,--,8.0494,--,0.002364526164,--,,,,,
19.0,1,3153.000,3149.216,3194.424,27.757,86.222,8/3/2023,3:14:00,1 / 2,102,376,S344,D38,--,S199,Q107,237,466W,X,--,--,4.386,3.421,3.420,3.419,--,34.980,34.972,34.978,--,5.052,4.864,4.914,--,-0.102,20.11,1.40,22.40,0.00,0.52,2201.220609,--,7.7498,--,0.002344956614,--,Deep carboy,,,,
19.0,2,3100.000,3096.294,3140.353,27.757,86.222,8/3/2023,3:14:00,3,105,356,S338,D40,--,S419,Q098,233,463W / 460W,X,--,--,4.379,3.418,3.418,3.417,3.417,34.980,34.972,34.982,34.981,5.050,4.862,4.932,--,-0.105,22.35,1.62,25.00,0.00,0.44,2196.762156,--,7.6562,--,0.00233174942,--,Deep carboy,,,,
19.0,3,3050.000,3047.262,3090.267,27.757,86.222,8/3/2023,3:14:00,13,104,015,S345,D18,--,S448 / S439,Q060,235,457W,X,--,--,4.374,3.416,3.415,3.415,--,34.980,34.972,34.991,--,5.053,4.865,4.888,--,-0.095,22.50 / 22.62,1.63 / 1.52,25.40 / 25.20,0.00 / 0.00,0.25 / 0.33,2195.608899,--,7.7483,--,0.002340923585,--,,,,,
19.0,4,2550.000,2546.888,2579.785,27.757,86.222,8/3/2023,3:14:00,4,103,066,S339,D50,--,S449,Q070,241 / 242,454W,X,--,--,4.326,3.392,3.391,3.390,--,34.979,34.971,34.972,--,5.056,4.868,2.451,--,-0.103,23.08,1.52,25.20,0.00,0.54,2194.052536,--,7.6167,--,0.002321045727,--,,,,,
19.0,5,2025.000,2022.272,2045.843,27.757,86.222,8/3/2023,3:14:00,8,101,--,--,D8,--,S428,Q104,240,451W,X,--,--,4.299,3.369,3.368,3.368,--,34.977,34.969,34.985,--,5.040,4.852,4.859,--,-0.101,22.89,1.64,25.20,0.00,0.35,--,--,--,--,--,--,,,,,
19.0,6,1500.000,1498.820,1514.395,27.757,86.222,8/3/2023,3:14:00,9,001 / 114,071,S346,D49,--,S438,Q059 / Q105,232,471W,X,--,--,4.337,3.350,3.349,3.349,--,34.973,34.965,34.965,--,4.954,4.769,4.726,0.587,-0.101,23.54,1.99,25.60,0.00,1.03,2195.673387,--,7.5802,--,0.002306431127,--,,,,,
19.0,7,975.000,974.378,983.262,27.757,86.222,8/3/2023,3:14:00,--,--,--,--,--,--,--,--,--,--,--,--,--,5.262,3.407,3.407,--,--,34.935,34.927,--,--,4.073,3.921,--,--,-0.100,--,--,--,--,--,--,--,--,--,--,--,Nisking failed leak test. Vent not tight.,,,,
19.0,8,450.000,450.185,453.714,27.757,86.222,8/3/2023,3:14:00,7,113,135 / 351,S340,D26,--,S189,Q096,234,468W,--,--,--,9.744,3.823,3.822,3.822,--,35.179,35.172,35.176,--,2.772,2.669,2.645,--,-0.098,27.81,1.71,15.70,0.00,0.23,2208.247936,--,7.656,--,0.002329224898,--,,,,,
19.0,9,250.000,250.518,252.359,27.757,86.222,8/3/2023,3:14:00,12,111,301,S347 / S348,D68,--,S437,Q077,236,465W,--,--,--,14.491,4.350,4.349,4.350,--,35.893,35.885,35.897,--,2.981,2.870,2.805,--,-0.100,18.33,1.86,7.40,0.00,1.18,2192.652978,2190.507711,7.7294,7.8083,0.002359988631,0.002384619237,,,,,
19.0,10,63.000,63.620,64.059,27.757,86.222,8/3/2023,3:14:00,5,109,130,S341,D96,--,S479,Q236,250,462W,X,--,--,23.632,5.313,5.312,5.334,--,36.108,36.100,36.274,--,3.047,2.933,4.757,--,0.574,0.00,0.20,1.40,0.22,0.34,2085.835236,--,8.0591,--,0.002410775367,--,DCM. Carboy,,,,
19.0,11,25.000,22.161,22.311,27.757,86.222,8/3/2023,3:14:00,6,107,307,S342,D57,--,S467,Q071,243,459W,X,--,--,30.624,6.013,6.012,6.081,--,35.737,35.729,36.189,--,3.569,3.436,4.545,--,0.020,0.00,0.15,1.30,0.00,0.34,2065.890179,--,8.1033,--,0.002440480042,--,Carboy,,,,
19.0,12,0.000,3.101,3.122,27.757,86.222,8/3/2023,3:14:00,10,118,312,S349,D37,--,S459,Q042,246,456W,X,--,--,31.439,5.569,5.568,5.671,--,32.240,32.233,32.906,--,2.972,2.861,4.472,--,0.170,0.03,0.37,1.10,0.00,0.44,2027.151956,--,8.1386,--,0.002366685321,--,Carboy,,,,
20.0,1,3044.000,3040.559,3083.420,27.911,86.565,8/3/2023,7:48:00,1 / 2,115,314,S359,D55,--,S429,Q168,220,453W,X,--,--,4.373,3.415,3.415,3.414,--,34.980,34.972,34.982,--,5.054,4.866,4.242,--,-0.104,22.76,1.92,25.40,0.02,0.61,2196.00277,--,7.7666,--,0.002362305946,--,Carboy,,,,
20.0,2,2994.000,2990.263,3032.056,27.911,86.565,8/3/2023,7:48:00,3,149,--,--,D19,--,S198,Q049,224,450W,X,--,--,4.367,3.413,3.412,3.412,--,34.980,34.972,34.982,--,5.054,4.866,4.933,--,-0.100,22.59,1.51,25.40,0.00,0.39,--,--,--,--,--,--,Carboy,,,,
20.0,3,2944.000,2940.077,2980.817,27.911,86.565,8/3/2023,7:48:00,4,132,318,S357 / S358,D11,--,S197 / S418,Q061,229,502W,X,--,--,4.361,3.411,3.410,3.409,--,34.980,34.972,34.975,--,5.054,4.865,4.922,--,-0.098,22.47 / 22.44,1.47 / 1.51,25.60 / 25.20,0.00 / 0.00,0.31 / 0.27,2189.390173,2191.28823,7.7528,7.6208,0.002336622288,0.002325089767,Carboy,,,,
20.0,4,2500.000,2498.771,2530.758,27.911,86.565,8/3/2023,7:48:00,13,130,377,S355,D46,--,S427,Q037,230,505W,--,--,--,4.321,3.390,3.389,3.388,--,34.979,34.971,34.970,--,5.061,4.873,4.908,--,-0.102,22.77,1.51,25.20,0.00,0.20,2193.857062,--,7.6574,--,0.002327428103,--,,,,,
20.0,5,2000.000,1998.398,2021.576,27.911,86.565,8/3/2023,7:48:00,8,129,239,S356,D17,--,S478,Q157 / Q164,228,508W,--,--,--,4.293,3.367,3.366,3.366,--,34.977,34.969,34.975,--,5.042,4.855,4.847,--,-0.103,22.91,1.92,25.20,0.00,0.56,2189.391785,--,7.8237,--,0.002430122695,--,,,,,
20.0,6,1400.000,1399.162,1413.363,27.911,86.565,8/3/2023,7:48:00,5,128,392,S353,D78,--,S433,Q019,227,511W,--,--,--,4.361,3.348,3.347,3.347,--,34.971,34.963,34.970,--,4.911,4.728,4.709,--,-0.100,23.63,1.64,25.60,0.00,0.56,2198.067331,--,7.7571,--,0.002353152802,--,,,,,
20.0,7,900.000,898.883,906.913,27.911,86.565,8/3/2023,7:48:00,10,154,--,--,D28,--,S188,Q167,226,514W,X,--,--,5.624,3.436,3.435,3.436,--,34.924,34.916,34.929,--,3.802,3.660,3.571,--,-0.102,28.35,1.87,25.40,0.00,0.26,--,--,--,--,--,--,,,,,
20.0,8,427.000,426.637,429.957,27.911,86.565,8/3/2023,7:48:00,6,148,129 / 119,S354,D48,--,S468,Q197,223,517W,X,--,--,10.231,3.874,3.874,3.872,--,35.245,35.237,35.228,--,2.767,2.664,2.627,--,-0.101,27.15,1.98,15.00,0.00,0.64,2202.531592,--,7.6342,--,0.002473879408,--, O2 min,,,,
20.0,9,133.000,133.165,134.106,27.911,86.565,8/3/2023,7:48:00,11,147,367,S352,D99,--,S409,Q033,225,520W,X,--,--,20.054,5.009,5.008,5.006,--,36.688,36.680,36.668,--,3.378,3.252,3.196,--,-0.009,8.53,1.31,2.90,0.08,1.96,2166.32222,--,7.9126,--,0.002406568164,--,First O2 min,,,,
20.0,10,73.000,73.237,73.743,27.911,86.565,8/3/2023,7:48:00,12,145 / 142,109,S351,D100,--,S417,Q026,221 / 231,523W,X,--,--,25.077,5.557,5.556,5.558,--,36.775,36.767,36.788,--,4.258,4.099,4.001,3.562,0.892,0.60,0.06,1.00,0.21,0.32,2111.437955,--,7.8756,--,0.002386254871,--,DCM,,,,
20.0,11,25.000,24.240,24.404,27.911,86.565,8/3/2023,7:48:00,--,143,330,S350,D7,--,S408,Q058,249,501W / 504W,X,--,--,26.341,5.667,5.666,5.620,5.620,36.586,36.578,36.245,36.243,2.677,2.578,4.607,--,-0.036,0.00,0.00,1.20,0.00,0.21,2040.472261,--,8.0754,--,0.002386593209,--,,,,,
20.0,12,0.000,2.149,2.163,27.911,86.565,8/3/2023,7:48:00,9,160,369,S343,D10,--,S407,Q021,222,507W,X,--,--,28.995,5.873,5.872,5.465,--,35.997,35.989,33.190,--,2.976,2.866,4.575,--,0.053,0.00,0.05,1.10,0.00,0.22,2012.775481,--,7.9749,--,0.002344536194,--,,,,,
21.0,1,2876.000,2872.910,2912.259,28.047,86.912,8/3/2023,12:54:00,--,122,380,S368,D9,--,S436,Q512,212,510W,X,--,B1 ABC,4.353,3.407,3.407,3.406,--,34.980,34.972,34.977,--,5.059,4.871,4.891,--,-0.110,22.74,2.14,25.70,0.00,0.86,2200.819697,--,7.7445,--,0.002335086754,--,,,,,
21.0,2,2500.000,2497.601,2529.566,28.047,86.912,8/3/2023,12:54:00,--,123,065,S370,D88,--,S458,Q534,211,513W,X,--,B2 ABC,4.317,3.389,3.389,3.388,--,34.979,34.971,34.972,--,5.070,4.881,4.881,--,-0.099,21.94,1.77,24.30,0.00,0.35,2193.786198,--,7.5655,--,0.002296619325,--,,,,,
21.0,3,2100.000,2098.071,2122.909,28.047,86.912,8/3/2023,12:54:00,--,124,072 / 144,S367,D98,--,S446,Q509,215,516W,X,--,B3 ABC,4.294,3.371,3.371,3.370,--,34.978,34.970,34.975,--,5.058,4.869,4.887,--,-0.103,23.88,1.64,25.20,0.02,0.59,2198.312335,--,7.5632,--,0.002296007714,--,,,,,
21.0,4,1700.000,1698.699,1717.173,28.047,86.912,8/3/2023,12:54:00,--,125,400,--,D60,--,S186,Q537,204,519W,X,--,B4 ABC,4.297,3.355,3.354,3.354,--,34.975,34.967,34.968,--,5.019,4.833,4.813,--,-0.102,24.14,1.54,25.50,0.00,0.70,--,--,--,--,--,--,,,,,
21.0,5,1400.000,1398.384,1412.575,28.047,86.912,8/3/2023,12:54:00,--,126,--,S366,D30,--,S196,Q510,214 / 213,522W,X,--,B5 ABC,4.363,3.348,3.347,3.347,--,34.971,34.963,34.968,--,4.911,4.728,4.705,--,-0.098,26.56,1.73,26.10,0.02,2.27,2200.817297,--,7.6911,--,0.002344454112,--,,,,,
21.0,6,1100.000,1064.219,1074.156,28.047,86.912,8/3/2023,12:54:00,--,127,339,--,D58,--,S426,Q533,216,500W,X,--,S1 AB,4.998,3.388,3.388,3.389,--,34.944,34.936,34.934,--,4.274,4.115,4.105,--,-0.099,24.23,1.73,23.20,0.00,0.84,--,--,--,--,--,--,,,,,
21.0,7,800.000,799.233,806.179,28.047,86.912,8/3/2023,12:54:00,--,120,--,S364,D59,--,S469,Q529,217,503W,--,--,S2 AB,6.295,3.492,3.491,3.491,--,34.913,34.905,34.910,--,3.415,3.288,3.251,--,-0.100,29.84,1.93,24.10,0.00,0.35,2213.410263,--,7.5857,--,0.002316777463,--,,,,,
21.0,8,495.000,494.226,498.153,28.047,86.912,8/3/2023,12:54:00,--,116,051,S365 / S362,D65,--,S192,Q536,210,506W,--,--,S3,9.444,3.793,3.792,3.791,--,35.144,35.136,35.132,--,2.750,2.647,2.617,--,-0.091,27.59,1.70,15.50,0.00,0.76,2213.191187,2215.7246,7.5257,7.6478,0.002301076778,0.00232032801,O2 min,,,,
21.0,9,200.000,197.394,198.819,28.047,86.912,8/3/2023,12:54:00,--,117 / 119,250,S363,D39,--,S406,Q517,219,509W,--,--,S4,16.463,4.582,4.581,4.581,--,36.206,36.198,36.199,--,3.247,3.126,3.116,3.116,-0.097,10.93,0.70,3.80,0.00,0.36,2179.5069,--,7.8613,--,0.002388398012,--,First O2 min,,,,
21.0,10,75.000,75.314,75.835,28.047,86.912,8/3/2023,12:54:00,--,121,112,S361,D69,--,S405,Q494,218,512W,X,--,S5,22.637,5.263,5.262,5.269,--,36.543,36.535,36.594,--,4.308,4.148,3.910,--,0.650,1.94,0.44,2.00,0.20,0.81,2130.013279,--,8.0098,--,0.00241957716,--,DCM,,,,
21.0,11,20.000,20.584,20.723,28.047,86.912,8/3/2023,12:54:00,--,131,023,S360,D70,--,S451,Q511,208,515W / 518W,X,--,S6,30.881,6.080,6.079,6.107,6.107,35.996,35.988,36.180,36.180,3.349,3.224,4.586,--,-0.038,0.40,0.05,1.30,0.02,0.63,2057.118213,--,8.1266,--,0.002563999438,--,,,,,
21.0,12,0.000,3.461,3.485,28.047,86.912,8/3/2023,12:54:00,1,107,388,S369,D90,--,S420,Q535,209,521W,X,--,S7,31.307,5.777,5.775,5.831,--,33.686,33.679,34.043,--,2.553,2.458,4.429,--,-0.036,0.35,0.33,1.40,0.00,0.81,2041.763965,--,8.1254,--,0.002377554179,--,DIC sample # corrected from S379 to S369.,,,,
22.0,1,2629.000,2675.854,2711.243,28.210,87.257,8/3/2023,20:24:00,--,102,264,S371,D89,--,S470,Q502,472,300W,X,--,--,4.331,3.398,3.397,3.394,--,34.980,34.972,34.974,--,5.045,4.858,5.028,--,-0.099,22.77,1.50,26.00,0.00,0.18,2188.37054,--,7.7291,--,0.002343243903,--,Deep carboy,,,,
22.0,2,2350.000,2347.225,2376.419,28.210,87.257,8/3/2023,20:24:00,--,103 / 101,014,S372,F68,--,S180,Q538,481,303W,X,--,--,4.311,3.383,3.382,3.381,--,34.978,34.970,34.972,--,5.052,4.864,4.966,4.887,-0.101,22.86,1.51,25.40,0.00,0.38,2182.779562,--,7.7411,--,0.002341475136,--,O2 chems too warm - not sinking in flask during pickling.,,,,
22.0,3,2050.000,2049.117,2073.134,28.210,87.257,8/3/2023,20:24:00,--,105,009 / 257,S373,F70,--,S187,Q531 / Q027,471,306W,X,--,--,4.297,3.369,3.369,3.368,--,34.977,34.969,34.973,--,5.047,4.859,4.950,--,-0.100,22.96,1.51,25.40,0.00,0.15,2184.442319,--,7.7477,--,0.00233490257,--,,,,,
22.0,4,1750.000,1747.037,1766.240,28.210,87.257,8/3/2023,20:24:00,--,104,008,S374,F88,--,S432,Q527,491 / 461,309W,X,--,--,4.306,3.358,3.357,3.357,--,34.975,34.967,34.972,--,5.010,4.823,4.844,--,-0.100,23.14,1.53,25.40,0.00,0.18,2187.448136,--,7.7449,--,0.002342406066,--,,,,,
22.0,5,1450.000,1449.008,1463.890,28.210,87.257,8/3/2023,20:24:00,--,001,394,S375,F79,--,S466,Q528,492,312W,X,--,--,4.363,3.350,3.349,3.348,--,34.971,34.963,34.960,--,4.923,4.739,4.756,--,-0.100,23.70,1.60,25.70,0.00,0.50,2194.298783,--,7.7395,--,0.00234177944,--,,,,,
22.0,6,1150.000,1148.602,1159.562,28.210,87.257,8/3/2023,20:24:00,--,114,331,--,F5,--,S477,Q519,482,316W,X,--,--,4.754,3.371,3.370,3.370,--,34.954,34.946,34.945,--,4.501,4.333,4.370,--,-0.101,25.46,1.70,26.20,0.00,0.21,--,--,--,--,--,--,,,,,
22.0,7,825.000,823.166,830.368,28.210,87.257,8/3/2023,20:24:00,--,109,322,S376 / S377,F90,--,S460 / S457,Q520,203,319W,X,--,--,6.105,3.476,3.475,3.475,--,34.914,34.906,34.906,--,3.527,3.395,3.462,--,-0.099,29.71 / 29.48,1.92 / 1.95,24.60 / 24.70,0.00 / 0.00,0.15 / 0.38,2214.194937,2215.44811,7.6617,7.658,0.00232534302,0.002321873554,,,,,
22.0,8,500.000,499.130,503.102,28.210,87.257,8/3/2023,20:24:00,--,113,118,S378,F89,--,S431,Q521,202,318W / 301W,X,--,--,9.261,3.773,3.772,3.772,3.770,35.119,35.112,35.103,35.091,2.788,2.685,2.756,--,-0.097,28.66,1.78,16.70,0.00,0.19,2216.57083,--,7.6021,--,0.002324854532,--,,,,,
22.0,9,100.000,100.051,100.749,28.210,87.257,8/3/2023,20:24:00,--,111,128,S379,F80,--,S443,Q530,205,304W,X,--,--,20.530,5.059,5.058,5.050,--,36.699,36.691,36.625,--,3.392,3.266,3.222,--,0.175,8.45,0.73,2.90,0.03,0.23,2172.611322,--,7.9183,--,0.002409906499,--,,,,,
22.0,10,70.000,70.202,70.687,28.210,87.257,8/3/2023,20:24:00,--,118,358,S380,F78,--,S447,Q539,207,307W,X,--,--,22.928,5.289,5.288,5.289,--,36.500,36.492,36.510,--,4.705,4.530,4.266,--,0.764,0.23,0.08,1.40,0.12,0.49,2121.736443,--,8.0313,--,0.002417687272,--,DCM,,,,
22.0,11,25.000,25.621,25.795,28.210,87.257,8/3/2023,20:24:00,--,107,047,--,F15,--,S416,Q529,206,310W,X,--,--,29.572,5.727,5.726,5.981,--,34.567,34.559,36.299,--,2.959,2.849,4.522,--,-0.039,0.00,0.02,1.20,0.00,0.25,--,--,--,--,--,--,,,,,
22.0,12,0.000,3.068,3.088,28.210,87.257,8/3/2023,20:24:00,X,131,332,S381,F69,X,S450,Q522,201,315W,X,--,--,30.545,5.881,5.880,5.693,--,34.909,34.902,33.658,--,3.138,3.021,4.389,--,-0.009,0.07,0.03,1.70,0.00,0.33,2042.281246,--,8.1287,--,0.002373146776,--,,,,,
23.0,1,2523.000,2519.445,2551.822,28.333,87.584,8/4/2023,0:21:00,--,155,341,S382,F50,--,S413,Q518 / Q540,402,313W,X,--,--,4.319,3.390,3.390,3.388,--,34.979,34.972,34.969,--,5.028,4.841,4.937,--,-0.100,22.57,1.54,26.20,0.00,0.31,2198.171743,--,7.7434,--,0.002342886546,--,Liu large carboy,,,,
23.0,2,2250.000,2247.368,2274.780,28.333,87.584,8/4/2023,0:21:00,--,156,085 / 263,--,F40,--,S476,Q516,441,321W,X,--,--,4.305,3.378,3.378,3.376,--,34.978,34.970,34.968,--,5.057,4.868,4.943,--,-0.100,22.77,1.54,25.40,0.00,0.12,--,--,,--,,--,Liu large carboy,,,,
23.0,3,1950.000,1947.526,1969.875,28.333,87.584,8/4/2023,0:21:00,--,157,107,S383,F48,--,S461,Q532,442,323W,X,--,--,4.302,3.366,3.365,3.364,--,34.976,34.969,34.966,--,5.033,4.846,4.952,--,-0.101,21.05,1.48,23.00,0.02,0.33,2197.037714,--,7.7392,--,0.002338484148,--,Liu large carboy,,,,
23.0,4,1650.000,1647.192,1664.901,28.333,87.584,8/4/2023,0:21:00,--,159,384,S384,F28,--,S412,Q523,432 / 422,302W,X,--,--,4.325,3.355,3.354,3.354,--,34.974,34.966,34.964,--,4.980,4.794,4.774,--,-0.094,23.25,1.58,25.60,0.00,0.24,2187.669409,--,7.7308,--,0.002344720378,--,Liu large carboy,,,,
23.0,5,1350.000,1347.518,1361.027,28.333,87.584,8/4/2023,0:21:00,--,133,108,S385 / S386,F59,--,S404,Q513,431,305W,X,--,--,4.444,3.353,3.352,3.350,--,34.967,34.959,34.945,--,4.821,4.641,4.641,--,-0.094,24.06,1.79,26.00,0.00,0.42,2199.312434,2196.925873,7.7212,7.7209,0.002324096775,0.002335429096,Liu large carboy,,,,
23.0,6,999.000,998.449,1007.611,28.333,87.584,8/4/2023,0:21:00,--,153 / 158,077,S387,F58,--,S414,Q514,462,308W,X,--,--,5.256,3.408,3.407,3.407,--,34.935,34.927,34.931,--,4.074,3.922,4.015,3.938,-0.097,27.12,1.84,26.00,0.00,0.24,2206.765924,--,7.67,--,0.00234511277,--,Liu large carboy,,,,
23.0,7,750.000,748.836,755.252,28.333,87.584,8/4/2023,0:21:00,--,152,111,S388,F60,--,S452,Q496,452,311W,X,--,--,6.431,3.502,3.502,3.501,--,34.914,34.907,34.902,--,3.364,3.239,3.165,--,-0.095,30.01,2.00,23.90,0.00,0.22,2210.037359,--,7.6444,--,0.00233186954,--,,,,,
23.0,8,450.000,449.336,452.857,28.333,87.584,8/4/2023,0:21:00,--,134,393,--,F38,--,S430 / S421,Q497,451,314W,X,--,--,9.901,3.839,3.838,3.838,--,35.195,35.187,35.182,--,2.861,2.754,2.869,--,-0.099,27.25 / 27.13,1.86 / 1.75,15.00 / 14.90,0.00 / 0.00,0.33 / 0.28,--,--,,--,,--,,,,,
23.0,9,150.000,149.828,150.892,28.333,87.584,8/4/2023,0:21:00,--,150,252,S389,F29,--,S411,Q504,411,317W / 320W,X,--,--,18.388,4.810,4.809,4.807,4.807,36.485,36.477,36.462,36.463,3.293,3.170,3.172,--,-0.004,10.77,0.56,3.50,0.02,0.06,2183.026075,--,7.8854,--,0.00239931692,--,,,,,
23.0,10,75.000,75.400,75.922,28.333,87.584,8/4/2023,0:21:00,--,151,241,S390,F39,--,S456,Q503,401,322W,X,--,--,22.762,5.260,5.259,5.271,--,36.415,36.407,36.505,--,4.531,4.362,4.077,--,0.623,0.37,0.08,1.60,0.26,0.22,2126.98055,--,8.0211,--,0.002423378958,--,DCM,,,,
23.0,11,25.000,24.953,25.123,28.333,87.584,8/4/2023,0:21:00,--,154,132,S391,F49,--,S402,Q505,412,123W,X,--,--,30.149,5.764,5.763,6.050,--,34.401,34.393,36.340,--,3.345,3.220,4.489,--,-0.037,0.05,0.23,1.20,0.02,1.05,2055.248943,--,8.1236,--,0.002410829421,--,,,,,
23.0,12,0.000,3.170,3.192,28.333,87.584,8/4/2023,0:21:00,--,160,064,S392,F34,--,S403,Q506,421,120W,X,--,--,30.238,5.825,5.824,5.657,--,34.759,34.751,33.630,--,3.166,3.048,4.426,--,0.028,0.00,0.35,2.00,0.02,0.45,2038.257387,--,8.1037,--,0.002378448072,--,,,,,
24.0,1,2233.000,2230.951,2258.075,28.667,87.917,8/4/2023,4:57:00,--,122,308,S394,F93,--,S401,Q290,463,117W,X,--,--,4.300,3.377,3.377,3.375,--,34.978,34.971,34.970,--,5.055,4.867,4.898,--,-0.098,22.83,1.64,25.80,0.00,0.17,2197.722042,--,7.7408,--,0.002349821474,--,,,,,
24.0,2,1900.000,1898.533,1920.096,28.667,87.917,8/4/2023,4:57:00,--,123,271 / 235,--,F10,--,S317,Q298,473,114W,X,--,--,4.284,3.362,3.362,3.360,--,34.977,34.970,34.965,--,5.066,4.877,4.231,--,-0.099,22.94,1.51,25.50,0.00,0.22,--,--,--,--,--,--,,,,,
24.0,3,1600.000,1565.564,1582.086,28.667,87.917,8/4/2023,4:57:00,--,124 / 125,226,S393,F67,--,S318,Q291,453,111W,X,--,--,4.305,3.350,3.349,3.350,--,34.975,34.967,34.969,--,5.012,4.826,4.637,4.722,-0.100,23.07,1.51,25.40,0.00,0.20,2194.700436,--,7.6689,--,0.002340524186,--,,,,,
24.0,4,1300.000,1299.177,1312.049,28.667,87.917,8/4/2023,4:57:00,--,126,017,S395,F77,--,S440,Q280 / Q266,443,108W,X,--,--,4.463,3.352,3.352,3.350,--,34.966,34.959,34.949,--,4.810,4.631,4.645,--,-0.098,23.06,1.91,24.80,0.00,1.05,2202.036753,--,7.7265,--,0.00233061829,--,,,,,
24.0,5,1000.000,999.261,1008.433,28.667,87.917,8/4/2023,4:57:00,--,127,138,S396,F8,--,S532 / S410,Q273,433,105W,X,--,--,5.183,3.402,3.401,3.401,--,34.938,34.930,34.939,--,4.134,3.980,3.600,--,-0.099,27.05 / 24.55,1.84 / 1.94,26.00 / 23.50,0.00 / 0.00,0.29 / 0.40,2213.323581,--,7.6781,--,0.002322639319,--,,,,,
24.0,6,700.000,700.140,706.056,28.667,87.917,8/4/2023,4:57:00,--,120,--,--,F87,--,S400,Q274,423,102W,X,--,--,6.602,3.516,3.515,3.515,--,34.915,34.907,34.906,--,3.287,3.165,3.105,--,-0.102,26.24,2.09,20.00,0.00,1.13,--,--,--,--,--,--,Ice on outside of sample bottle.,,,,
24.0,7,500.000,499.995,503.975,28.667,87.917,8/4/2023,4:57:00,--,131,074,S398,F19,--,S415,Q299,404,122W,--,--,--,8.688,3.713,3.712,3.712,--,35.048,35.041,35.040,--,2.889,2.781,2.583,--,-0.099,29.48,1.93,18.10,0.00,0.27,2215.636416,--,7.6515,--,0.002313427116,--,,,,,
24.0,8,355.000,354.387,357.081,28.667,87.917,8/4/2023,4:57:00,--,121,101,S397 / S399,F30,--,S306,Q285,483,119W,--,--,--,11.725,4.037,4.036,4.036,--,35.463,35.455,35.456,--,2.755,2.653,2.383,--,-0.099,24.12,1.48,11.70,0.00,0.17,2210.145275,2208.657612,7.7116,7.7031,0.002332180851,0.002333192862,O2 min,,,,
24.0,9,130.000,130.149,131.067,28.667,87.917,8/4/2023,4:57:00,--,119,--,S400,F18,--,S307,Q292,493 / 414,116W,--,--,--,18.983,4.882,4.881,4.880,--,36.577,36.569,36.560,--,3.381,3.256,3.080,--,-0.006,9.59,0.45,3.00,0.02,0.22,2177.06872,--,7.803,--,0.002394506114,--,First O2 min,,,,
24.0,10,67.000,66.919,67.381,28.667,87.917,8/4/2023,4:57:00,--,117,230,S401,F9,--,S309,Q281,424,113W,X,--,--,23.057,5.288,5.287,5.277,--,36.391,36.383,36.308,--,4.252,4.093,3.979,--,0.755,0.06,0.00,1.80,0.10,0.56,2104.255651,--,8.0484,--,0.00241405164,--,DCM. Cap loose on nutrient sample.,,,,
24.0,11,25.000,24.210,24.374,28.667,87.917,8/4/2023,4:57:00,--,116,403,S402,F57,--,S308,Q295,413,107W / 110W,X,--,--,30.305,6.016,6.015,6.053,6.053,35.989,35.981,36.241,36.238,3.641,3.505,4.242,--,-0.019,0.00,0.00,1.40,0.00,0.33,2037.711603,--,8.1223,--,0.002387402017,--,Cap loose on nutrient sample.,,,,
24.0,12,0.000,2.656,2.674,28.667,87.917,8/4/2023,4:57:00,--,107,289,S403,F20,X,S319,Q289,403,104W,X,--,--,30.173,5.923,5.922,5.671,--,35.462,35.454,33.770,--,2.633,2.535,4.389,--,-0.006,0.07,0.00,2.00,0.00,1.41,2056.839632,--,8.1065,--,0.002425423,--,,,,,
25.0,1,957.000,956.223,964.899,28.999,88.247,8/4/2023,9:17:00,--,156,114,S412,F76,--,S305,Q256,494,101W,X,--,B1 AB,4.987,3.382,3.382,3.382,--,34.943,34.935,34.939,--,4.314,4.154,4.074,--,-0.097,26.30,1.80,26.40,0.00,0.13,2200.97856,--,7.698,--,0.002330355027,--,,,,,
25.0,2,905.000,904.292,912.382,28.999,88.247,8/4/2023,9:17:00,--,155,233,S411,F66,--,S316,Q296,454,121W / 118W,X,--,B2 AB,4.987,3.380,3.380,3.380,3.379,34.944,34.936,34.938,34.936,4.309,4.148,4.065,--,-0.095,26.35,1.75,26.30,0.00,0.12,2200.468864,--,7.6959,--,0.002328009684,--,,,,,
25.0,3,905.000,904.237,912.328,28.999,88.247,8/4/2023,9:17:00,--,--,--,--,--,--,--,--,--,--,--,--,--,4.992,3.381,3.380,--,--,34.943,34.936,--,--,4.307,4.147,--,--,-0.100,--,--,--,--,--,--,--,--,--,--,--,,,,,
25.0,4,700.000,700.160,706.076,28.999,88.247,8/4/2023,9:17:00,--,157,019 / 117,S410,F42,--,S315,Q257,434,115W,X,--,S1 AB,6.559,3.512,3.511,3.511,--,34.913,34.905,34.905,--,3.317,3.194,2.177,--,-0.098,30.16,1.99,23.60,0.00,0.16,2222.343408,--,7.6445,--,0.002315832519,--,,,,,
25.0,5,500.000,500.647,504.633,28.999,88.247,8/4/2023,9:17:00,--,159,002,S408 / S409,F36,--,S304,Q300 / Q255,484,112W,X,--,S3,8.445,3.688,3.687,3.687,--,35.028,35.020,35.021,--,2.882,2.774,2.730,--,-0.090,29.73,1.91,18.60,0.00,0.15,2203.218714,2216.929516,7.5842,7.6413,0.002314062751,0.002450633185,,,,,
25.0,6,335.000,334.678,337.206,28.999,88.247,8/4/2023,9:17:00,--,133,234,S407,F22,--,S314,Q297,464 / 444,109W,X,--,S4,11.464,4.006,4.005,4.005,--,35.421,35.413,35.408,--,2.803,2.699,2.562,--,-0.101,23.76,1.48,11.60,0.00,0.15,2192.785943,--,7.6711,--,0.002329761434,--,,,,,
25.0,7,240.000,239.975,241.733,28.999,88.247,8/4/2023,9:17:00,--,160,--,--,F71,--,S303,Q264,474,106W,X,--,S5,13.632,4.249,4.248,4.247,--,35.753,35.745,35.741,--,3.081,2.966,2.876,--,-0.097,19.48,1.16,8.10,0.00,0.14,--,--,--,--,--,--,,,,,
25.0,8,105.000,104.680,105.411,28.999,88.247,8/4/2023,9:17:00,--,152 / 158,243,S406,F97,--,S302 / S313,Q2Y62,465,103W,--,--,S6,19.090,4.887,4.886,4.883,--,36.533,36.525,36.503,--,3.091,2.976,2.786,2.809,0.204,10.74 / 10.71,0.55 / 0.55,3.50 / 3.50,0.03 / 0.03,0.12 / 0.16,2167.784717,--,7.8995,--,0.002386658274,--,,,,,
25.0,9,79.000,79.432,79.982,28.999,88.247,8/4/2023,9:17:00,--,150,238,S404,F24,--,S312,Q288,485,100W,X,--,S7,21.696,5.183,5.182,5.174,--,36.707,36.699,36.635,--,3.766,3.625,3.638,--,0.952,3.23,0.11,1.90,0.18,0.14,2137.324971,--,7.9853,--,0.002403756355,--,DCM,,,,
25.0,10,79.000,79.505,80.056,28.999,88.247,8/4/2023,9:17:00,--,--,--,--,--,--,--,--,--,--,--,--,--,21.704,5.184,5.183,--,--,36.702,36.694,--,--,3.767,3.627,--,--,0.848,--,--,--,--,--,--,--,--,--,--,--,,,,,
25.0,11,20.000,20.353,20.490,28.999,88.247,8/4/2023,9:17:00,--,134,--,--,F32,--,S301,Q258,475,602W,X,--,S8,28.200,5.875,5.874,5.835,--,36.617,36.608,36.334,--,2.935,2.826,4.389,--,-0.034,0.00,0.00,1.00,0.00,0.19,--,--,--,--,--,--,,,,,
25.0,12,0.000,2.176,2.191,28.999,88.247,8/4/2023,9:17:00,--,151,277,S405,F84,--,S311,Q294,455,605W,X,--,S2,31.667,5.816,5.815,5.979,--,33.699,33.691,34.767,--,3.465,3.336,3.777,--,-0.006,0.03,0.00,1.30,0.00,0.40,2020.688368,--,8.1057,--,0.002331864535,--,,,,,
26.0,1,62.000,62.132,62.560,29.285,88.582,8/4/2023,16:08:00,--,122,366,S413,F55,--,S300,Q272,435,608W,--,--,S4,22.904,5.327,5.326,5.325,--,36.825,36.817,36.813,--,3.185,3.066,3.271,--,0.808,3.35,0.15,1.90,0.21,0.20,2134.109376,--,7.9946,--,0.002414884472,--,,,,,
26.0,2,62.000,62.117,62.545,29.285,88.582,8/4/2023,16:08:00,--,--,--,--,--,--,--,--,--,--,--,--,--,22.896,5.326,5.325,--,--,36.825,36.816,--,--,3.148,3.031,--,--,0.757,--,--,--,--,--,--,--,--,--,--,--,,,,,
26.0,3,62.000,62.137,62.565,29.285,88.582,8/4/2023,16:08:00,--,--,--,--,--,--,--,--,--,--,--,--,--,22.895,5.326,5.325,--,--,36.824,36.816,--,--,3.166,3.048,--,--,0.772,--,--,--,--,--,--,--,--,--,--,--,,,,,
26.0,4,62.000,62.092,62.519,29.285,88.582,8/4/2023,16:08:00,--,--,--,--,--,--,--,--,--,--,--,--,--,22.894,5.326,5.325,--,--,36.822,36.814,--,--,3.181,3.062,--,--,0.789,--,--,--,--,--,--,--,--,--,--,--,,,,,
26.0,5,42.000,42.367,42.656,29.285,88.582,8/4/2023,16:08:00,--,123,287,S414,F75,--,S310 / S329,Q277,425,611W,--,--,S5,24.116,5.411,5.410,5.435,--,36.473,36.465,36.654,--,2.660,2.561,4.200,--,0.156,0.28 / 0.25,0.00 / 0.02,1.20 / 1.10,0.08 / 0.07,1.46 / 0.32,2096.161869,--,8.0425,--,0.002417751336,--,,,,,
26.0,6,42.000,42.424,42.714,29.285,88.582,8/4/2023,16:08:00,--,--,--,--,--,--,--,--,--,--,--,--,--,24.136,5.414,5.413,--,--,36.477,36.469,--,--,2.655,2.556,--,--,0.167,--,--,--,--,--,--,--,--,--,--,--,,,,,
26.0,7,42.000,42.401,42.691,29.285,88.582,8/4/2023,16:08:00,--,--,--,--,--,--,--,--,--,--,--,--,--,24.157,5.418,5.416,--,--,36.486,36.478,--,--,2.555,2.460,--,--,0.182,--,--,--,--,--,--,--,--,--,--,--,,,,,
26.0,8,42.000,42.409,42.699,29.285,88.582,8/4/2023,16:08:00,--,--,--,--,--,--,--,--,--,--,--,--,--,24.223,5.431,5.430,--,--,36.536,36.528,--,--,2.736,2.634,--,--,0.193,--,--,--,--,--,--,--,--,--,--,--,,,,,
26.0,9,0.000,2.996,3.016,29.285,88.582,8/4/2023,16:08:00,--,--,--,--,--,--,--,--,--,--,--,--,--,29.444,5.873,5.872,--,--,35.659,35.651,--,--,3.464,3.335,--,--,-0.014,--,--,--,--,--,--,--,--,--,--,--,Niskin failed leak test,,,,
26.0,10,0.000,2.968,2.988,29.285,88.582,8/4/2023,16:08:00,--,124,099,S415,F65,--,S328,Q293 / Q267,445,614W,--,--,S6,30.087,5.850,5.849,5.824,--,35.033,35.025,34.859,--,2.806,2.702,4.351,--,-0.013,0.07,0.03,2.40,0.00,0.51,2074.641276,--,8.1098,--,0.00246271025,--,,,,,
26.0,11,0.000,2.971,2.991,29.285,88.582,8/4/2023,16:08:00,--,--,--,--,--,--,--,--,--,--,--,--,--,30.399,5.856,5.855,--,--,34.851,34.844,--,--,2.897,2.789,--,`,-0.014,--,--,--,--,--,--,--,--,--,--,--,,,,,
26.0,12,0.000,3.000,3.020,29.285,88.582,8/4/2023,16:08:00,--,--,--,--,--,--,--,--,--,--,--,--,--,29.727,5.854,5.853,--,--,35.323,35.315,--,--,3.043,2.930,--,--,-0.018,--,--,--,--,--,--,--,--,--,--,--,,,,,
Pete,1,120.000,,,,,,,--,--,--,--,--,--,--,--,--,582G,--,--,--,--,--,--,--,--,--,--,36.512,--,--,--,--,--,--,--,--,--,--,--,--,--,--,--,--,--,,,,,
Pete,2,120.000,,,,,,,--,--,--,--,--,--,--,--,--,601G,--,--,--,--,--,--,--,--,--,--,36.480,--,--,--,--,--,--,--,--,--,--,--,--,--,--,--,--,--,,,,,
Pete,3,120.000,,,,,,,--,--,--,--,--,--,--,--,--,648G,--,--,--,--,--,--,--,--,--,--,36.501,--,--,--,--,--,--,--,--,--,--,--,--,--,--,--,--,--,,,,,
Pete,4,120.000,,,,,,,--,--,--,--,--,--,--,--,--,580G,--,--,--,--,--,--,--,--,--,--,36.503,--,--,--,--,--,--,--,--,--,--,--,--,--,--,--,--,--,,,,,
Pete,5,120.000,,,,,,,--,--,--,--,--,--,--,--,--,640G,--,--,--,--,--,--,--,--,--,--,36.524,--,--,--,--,--,--,--,--,--,--,--,--,--,--,--,--,--,Niskin top not seated,,,,
Pete,6,120.000,,,,,,,--,--,--,--,--,--,--,--,--,610G,--,--,--,--,--,--,--,--,--,--,36.502,--,--,--,--,--,--,--,--,--,--,--,--,--,--,--,--,--,Niskin top not seated,,,,
Pete,7,120.000,,,,,,,--,--,--,--,--,--,--,--,--,611G,--,--,--,--,--,--,--,--,--,--,36.528,--,--,--,--,--,--,--,--,--,--,--,--,--,--,--,--,--,,,,,
Pete,8,120.000,,,,,,,--,--,--,--,--,--,--,--,--,751G,--,--,--,--,--,--,--,--,--,--,36.524,--,--,--,--,--,--,--,--,--,--,--,--,--,--,--,--,--,,,,,
Pete,9,120.000,,,,,,,--,--,--,--,--,--,--,--,--,606G,--,--,--,--,--,--,--,--,--,--,36.532,--,--,--,--,--,--,--,--,--,--,--,--,--,--,--,--,--,,,,,
Pete,10,120.000,,,,,,,--,--,--,--,--,--,--,--,--,609G,--,--,--,--,--,--,--,--,--,--,36.551,--,--,--,--,--,--,--,--,--,--,--,--,--,--,--,--,--,,,,,
Pete,11,120.000,,,,,,,--,--,--,--,--,--,--,--,--,597G,--,--,--,--,--,--,--,--,--,--,36.512,--,--,--,--,--,--,--,--,--,--,--,--,--,--,--,--,--,,,,,
Pete,12,120.000,,,,,,,--,--,--,--,--,--,--,--,--,594G,--,--,--,--,--,--,--,--,--,--,36.485,--,--,--,--,--,--,--,--,--,--,--,--,--,--,--,--,--,Niskin leaked from bottom,,,,