SAMPLES,YEAR,stn,nisk,barcode,rep,Sample_Ctrl,Station,Niskin,DEPTH
GOM_S15_N10_18S_orig,GOM,S15,N10,18S,orig,Sample,15,10,74.589
GOM_S15_N10_18S_S181,GOM,S15,N10,18S,S181,Sample,15,10,74.589
GOM_S15_N12_18S_orig,GOM,S15,N12,18S,orig,Sample,15,12,2.815
GOM_S15_N12_18S_S189,GOM,S15,N12,18S,S189,Sample,15,12,2.815
GOM_S15_N6_18S_orig,GOM,S15,N6,18S,orig,Sample,15,6,899.037
GOM_S15_N6_18S_S150,GOM,S15,N6,18S,S150,Sample,15,6,899.037
GOM_S15_N7_18S_orig,GOM,S15,N7,18S,orig,Sample,15,7,498.479
GOM_S15_N7_18S_S158,GOM,S15,N7,18S,S158,Sample,15,7,498.479
GOM_S15_N8_18S_orig,GOM,S15,N8,18S,orig,Sample,15,8,300.312
GOM_S15_N8_18S_S165,GOM,S15,N8,18S,S165,Sample,15,8,300.312
GOM_S15_N9_18S_orig,GOM,S15,N9,18S,orig,Sample,15,9,104.389
GOM_S15_N9_18S_S173,GOM,S15,N9,18S,S173,Sample,15,9,104.389
GOM23_S0_N0_18S_REP1,GOM23,S0,N0,18S,REP1,Control,0,0,NA
GOM23_S0_N0_18S_REP1_orig,GOM23,S0,N0,18S,REP1,Control,0,0,NA
GOM23_S0_N0_18S_REP2,GOM23,S0,N0,18S,REP2,Control,0,0,NA
GOM23_S0_N0_18S_REP2_orig,GOM23,S0,N0,18S,REP2,Control,0,0,NA
GOM23_S1_N10_18S_REP2,GOM23,S1,N10,18S,REP2,Sample,1,10,2.482
GOM23_S1_N10_18S_REP2_orig,GOM23,S1,N10,18S,REP2,Sample,1,10,2.482
GOM23_S1_N5_18S_REP1,GOM23,S1,N5,18S,REP1,Sample,1,5,18.603
GOM23_S1_N5_18S_REP1_orig,GOM23,S1,N5,18S,REP1,Sample,1,5,18.603
GOM23_S11_N1_18S_orig,GOM23,S11,N1,18S,orig,Sample,11,1,1475.675
GOM23_S11_N1_18S_S186,GOM23,S11,N1,18S,S186,Sample,11,1,1475.675
GOM23_S11_N10_18S_orig,GOM23,S11,N10,18S,orig,Sample,11,10,74.003
GOM23_S11_N10_18S_S133,GOM23,S11,N10,18S,S133,Sample,11,10,74.003
GOM23_S11_N11_18S_orig,GOM23,S11,N11,18S,orig,Sample,11,11,30.573
GOM23_S11_N11_18S_S140,GOM23,S11,N11,18S,S140,Sample,11,11,30.573
GOM23_S11_N12_18S_orig,GOM23,S11,N12,18S,orig,Sample,11,12,1.949
GOM23_S11_N12_18S_S148,GOM23,S11,N12,18S,S148,Sample,11,12,1.949
GOM23_S11_N4_18S_orig,GOM23,S11,N4,18S,orig,Sample,11,4,1000.743
GOM23_S11_N4_18S_S101,GOM23,S11,N4,18S,S101,Sample,11,4,1000.743
GOM23_S11_N5_18S_orig,GOM23,S11,N5,18S,orig,Sample,11,5,800.195
GOM23_S11_N5_18S_S109,GOM23,S11,N5,18S,S109,Sample,11,5,800.195
GOM23_S11_N6_18S_orig,GOM23,S11,N6,18S,orig,Sample,11,6,601.07
GOM23_S11_N6_18S_S117,GOM23,S11,N6,18S,S117,Sample,11,6,601.07
GOM23_S11_N7_18S_orig,GOM23,S11,N7,18S,orig,Sample,11,7,350.578
GOM23_S11_N7_18S_S125,GOM23,S11,N7,18S,S125,Sample,11,7,350.578
GOM23_S12_N1_18S_orig,GOM23,S12,N1,18S,orig,Sample,12,1,2245.444
GOM23_S12_N1_18S_S156,GOM23,S12,N1,18S,S156,Sample,12,1,2245.444
GOM23_S12_N10_18S_orig,GOM23,S12,N10,18S,orig,Sample,12,10,62.234
GOM23_S12_N10_18S_S110,GOM23,S12,N10,18S,S110,Sample,12,10,62.234
GOM23_S12_N11_18S_orig,GOM23,S12,N11,18S,orig,Sample,12,11,25.016
GOM23_S12_N11_18S_S118,GOM23,S12,N11,18S,S118,Sample,12,11,25.016
GOM23_S12_N12_18S_orig,GOM23,S12,N12,18S,orig,Sample,12,12,1.783
GOM23_S12_N12_18S_S126,GOM23,S12,N12,18S,S126,Sample,12,12,1.783
GOM23_S12_N2_18S_orig,GOM23,S12,N2,18S,orig,Sample,12,2,1998.798
GOM23_S12_N2_18S_S163,GOM23,S12,N2,18S,S163,Sample,12,2,1998.798
GOM23_S12_N3_18S_orig,GOM23,S12,N3,18S,orig,Sample,12,3,1798.667
GOM23_S12_N3_18S_S171,GOM23,S12,N3,18S,S171,Sample,12,3,1798.667
GOM23_S12_N4_18S_orig,GOM23,S12,N4,18S,orig,Sample,12,4,1599.035
GOM23_S12_N4_18S_S179,GOM23,S12,N4,18S,S179,Sample,12,4,1599.035
GOM23_S12_N5_18S_orig,GOM23,S12,N5,18S,orig,Sample,12,5,1399.806
GOM23_S12_N5_18S_S187,GOM23,S12,N5,18S,S187,Sample,12,5,1399.806
GOM23_S12_N6_18S_orig,GOM23,S12,N6,18S,orig,Sample,12,6,1199.989
GOM23_S12_N6_18S_S102,GOM23,S12,N6,18S,S102,Sample,12,6,1199.989
GOM23_S14_N1_18S_orig,GOM23,S14,N1,18S,orig,Sample,14,1,2826.978
GOM23_S14_N1_18S_S134,GOM23,S14,N1,18S,S134,Sample,14,1,2826.978
GOM23_S14_N10_18S_orig,GOM23,S14,N10,18S,orig,Sample,14,10,114.725
GOM23_S14_N10_18S_S111,GOM23,S14,N10,18S,S111,Sample,14,10,114.725
GOM23_S14_N11_18S_orig,GOM23,S14,N11,18S,orig,Sample,14,11,69.85
GOM23_S14_N11_18S_S119,GOM23,S14,N11,18S,S119,Sample,14,11,69.85
GOM23_S14_N12_18S_orig,GOM23,S14,N12,18S,orig,Sample,14,12,2.899
GOM23_S14_N12_18S_S127,GOM23,S14,N12,18S,S127,Sample,14,12,2.899
GOM23_S14_N2_18S_orig,GOM23,S14,N2,18S,orig,Sample,14,2,2344.083
GOM23_S14_N2_18S_S141,GOM23,S14,N2,18S,S141,Sample,14,2,2344.083
GOM23_S14_N3_18S_orig,GOM23,S14,N3,18S,orig,Sample,14,3,1996.106
GOM23_S14_N3_18S_S149,GOM23,S14,N3,18S,S149,Sample,14,3,1996.106
GOM23_S14_N4_18S_orig,GOM23,S14,N4,18S,orig,Sample,14,4,1646.535
GOM23_S14_N4_18S_S157,GOM23,S14,N4,18S,S157,Sample,14,4,1646.535
GOM23_S14_N5_18S_orig,GOM23,S14,N5,18S,orig,Sample,14,5,1297.954
GOM23_S14_N5_18S_S164,GOM23,S14,N5,18S,S164,Sample,14,5,1297.954
GOM23_S14_N6_18S_orig,GOM23,S14,N6,18S,orig,Sample,14,6,947.803
GOM23_S14_N6_18S_S172,GOM23,S14,N6,18S,S172,Sample,14,6,947.803
GOM23_S14_N7_18S_orig,GOM23,S14,N7,18S,orig,Sample,14,7,599.496
GOM23_S14_N7_18S_S180,GOM23,S14,N7,18S,S180,Sample,14,7,599.496
GOM23_S14_N8_18S_orig,GOM23,S14,N8,18S,orig,Sample,14,8,399.446
GOM23_S14_N8_18S_S188,GOM23,S14,N8,18S,S188,Sample,14,8,399.446
GOM23_S14_N9_18S_orig,GOM23,S14,N9,18S,orig,Sample,14,9,199.254
GOM23_S14_N9_18S_S103,GOM23,S14,N9,18S,S103,Sample,14,9,199.254
GOM23_S2_N1_18S_REP2,GOM23,S2,N1,18S,REP2,Sample,2,1,353.454
GOM23_S2_N1_18S_REP2_orig,GOM23,S2,N1,18S,REP2,Sample,2,1,353.454
GOM23_S2_N11_18S_REP1,GOM23,S2,N11,18S,REP1,Sample,2,11,2.9
GOM23_S2_N11_18S_REP1_orig,GOM23,S2,N11,18S,REP1,Sample,2,11,2.9
GOM23_S2_N11_18S_REP2,GOM23,S2,N11,18S,REP2,Sample,2,11,2.9
GOM23_S2_N11_18S_REP2_orig,GOM23,S2,N11,18S,REP2,Sample,2,11,2.9
GOM23_S2_N3_18S_REP1,GOM23,S2,N3,18S,REP1,Sample,2,3,269.068
GOM23_S2_N3_18S_REP1_orig,GOM23,S2,N3,18S,REP1,Sample,2,3,269.068
GOM23_S2_N6_18S_REP1,GOM23,S2,N6,18S,REP1,Sample,2,6,149.888
GOM23_S2_N6_18S_REP1_orig,GOM23,S2,N6,18S,REP1,Sample,2,6,149.888
GOM23_S2_N6_18S_REP2,GOM23,S2,N6,18S,REP2,Sample,2,6,149.888
GOM23_S2_N6_18S_REP2_orig,GOM23,S2,N6,18S,REP2,Sample,2,6,149.888
GOM23_S2_N8_18S_REP2,GOM23,S2,N8,18S,REP2,Sample,2,8,24.17
GOM23_S2_N8_18S_REP2_orig,GOM23,S2,N8,18S,REP2,Sample,2,8,24.17
GOM23_S3_N1_18S_orig,GOM23,S3,N1,18S,orig,Sample,3,1,1234.265
GOM23_S3_N1_18S_S166,GOM23,S3,N1,18S,S166,Sample,3,1,1234.265
GOM23_S3_N12_18S_orig,GOM23,S3,N12,18S,orig,Sample,3,12,2.579
GOM23_S3_N12_18S_S144,GOM23,S3,N12,18S,S144,Sample,3,12,2.579
GOM23_S3_N2_18S_orig,GOM23,S3,N2,18S,orig,Sample,3,2,1098.284
GOM23_S3_N2_18S_S174,GOM23,S3,N2,18S,S174,Sample,3,2,1098.284
GOM23_S3_N3_18S_orig,GOM23,S3,N3,18S,orig,Sample,3,3,898.349
GOM23_S3_N3_18S_S182,GOM23,S3,N3,18S,S182,Sample,3,3,898.349
GOM23_S3_N4_18S_orig,GOM23,S3,N4,18S,orig,Sample,3,4,698.194
GOM23_S3_N4_18S_S97,GOM23,S3,N4,18S,S97,Sample,3,4,698.194
GOM23_S3_N5_18S_orig,GOM23,S3,N5,18S,orig,Sample,3,5,549.566
GOM23_S3_N5_18S_S105,GOM23,S3,N5,18S,S105,Sample,3,5,549.566
GOM23_S3_N6_18S_orig,GOM23,S3,N6,18S,orig,Sample,3,6,401.19
GOM23_S3_N6_18S_S113,GOM23,S3,N6,18S,S113,Sample,3,6,401.19
GOM23_S3_N7_18S_orig,GOM23,S3,N7,18S,orig,Sample,3,7,150.128
GOM23_S3_N7_18S_S121,GOM23,S3,N7,18S,S121,Sample,3,7,150.128
GOM23_S3_N8_18S_orig,GOM23,S3,N8,18S,orig,Sample,3,8,64.991
GOM23_S3_N8_18S_S129,GOM23,S3,N8,18S,S129,Sample,3,8,64.991
GOM23_S3_N9_18S_orig,GOM23,S3,N9,18S,orig,Sample,3,9,29.003
GOM23_S3_N9_18S_S137,GOM23,S3,N9,18S,S137,Sample,3,9,29.003
GOM23_S4_N1_18S_orig,GOM23,S4,N1,18S,orig,Sample,4,1,1723.698
GOM23_S4_N1_18S_S152,GOM23,S4,N1,18S,S152,Sample,4,1,1723.698
GOM23_S4_N10_18S_orig,GOM23,S4,N10,18S,orig,Sample,4,10,25.322
GOM23_S4_N10_18S_S114,GOM23,S4,N10,18S,S114,Sample,4,10,25.322
GOM23_S4_N11_18S_orig,GOM23,S4,N11,18S,orig,Sample,4,11,2.231
GOM23_S4_N11_18S_S122,GOM23,S4,N11,18S,S122,Sample,4,11,2.231
GOM23_S4_N2_18S_orig,GOM23,S4,N2,18S,orig,Sample,4,2,1723.756
GOM23_S4_N2_18S_S160,GOM23,S4,N2,18S,S160,Sample,4,2,1723.756
GOM23_S4_N3_18S_orig,GOM23,S4,N3,18S,orig,Sample,4,3,1499.746
GOM23_S4_N3_18S_S167,GOM23,S4,N3,18S,S167,Sample,4,3,1499.746
GOM23_S4_N4_18S_orig,GOM23,S4,N4,18S,orig,Sample,4,4,1249.619
GOM23_S4_N4_18S_S175,GOM23,S4,N4,18S,S175,Sample,4,4,1249.619
GOM23_S4_N5_18S_orig,GOM23,S4,N5,18S,orig,Sample,4,5,999.159
GOM23_S4_N5_18S_S183,GOM23,S4,N5,18S,S183,Sample,4,5,999.159
GOM23_S4_N6_18S_orig,GOM23,S4,N6,18S,orig,Sample,4,6,749.59
GOM23_S4_N6_18S_S98,GOM23,S4,N6,18S,S98,Sample,4,6,749.59
GOM23_S4_N9_18S_orig,GOM23,S4,N9,18S,orig,Sample,4,9,70.191
GOM23_S4_N9_18S_S106,GOM23,S4,N9,18S,S106,Sample,4,9,70.191
GOM23_S5_N1_18S_orig,GOM23,S5,N1,18S,orig,Sample,5,1,2386.695
GOM23_S5_N1_18S_S130,GOM23,S5,N1,18S,S130,Sample,5,1,2386.695
GOM23_S5_N10_18S_orig,GOM23,S5,N10,18S,orig,Sample,5,10,60.34
GOM23_S5_N10_18S_S176,GOM23,S5,N10,18S,S176,Sample,5,10,60.34
GOM23_S5_N11_18S_orig,GOM23,S5,N11,18S,orig,Sample,5,11,20.618
GOM23_S5_N11_18S_S184,GOM23,S5,N11,18S,S184,Sample,5,11,20.618
GOM23_S5_N12_18S_orig,GOM23,S5,N12,18S,orig,Sample,5,12,2.376
GOM23_S5_N12_18S_S99,GOM23,S5,N12,18S,S99,Sample,5,12,2.376
GOM23_S5_N2_18S_orig,GOM23,S5,N2,18S,orig,Sample,5,2,2197.881
GOM23_S5_N3_18S_orig,GOM23,S5,N3,18S,orig,Sample,5,3,1795.818
GOM23_S5_N3_18S_S145,GOM23,S5,N3,18S,S145,Sample,5,3,1795.818
GOM23_S5_N4_18S_orig,GOM23,S5,N4,18S,orig,Sample,5,4,1497.906
GOM23_S5_N4_18S_S153,GOM23,S5,N4,18S,S153,Sample,5,4,1497.906
GOM23_S5_N5_18S_orig,GOM23,S5,N5,18S,orig,Sample,5,5,1250.302
GOM23_S5_N5_18S_S161,GOM23,S5,N5,18S,S161,Sample,5,5,1250.302
GOM23_S5_N6_18S_orig,GOM23,S5,N6,18S,orig,Sample,5,6,998.988
GOM23_S5_N6_18S_S168,GOM23,S5,N6,18S,S168,Sample,5,6,998.988
GOM23_S7_N10_18S_orig,GOM23,S7,N10,18S,orig,Sample,7,10,59.472
GOM23_S7_N10_18S_S162,GOM23,S7,N10,18S,S162,Sample,7,10,59.472
GOM23_S7_N11_18S_orig,GOM23,S7,N11,18S,orig,Sample,7,11,9.882
GOM23_S7_N11_18S_S169,GOM23,S7,N11,18S,S169,Sample,7,11,9.882
GOM23_S7_N12_18S_orig,GOM23,S7,N12,18S,orig,Sample,7,12,2.746
GOM23_S7_N12_18S_S177,GOM23,S7,N12,18S,S177,Sample,7,12,2.746
GOM23_S7_N2_18S_orig,GOM23,S7,N2,18S,orig,Sample,7,2,1648.465
GOM23_S7_N2_18S_S107,GOM23,S7,N2,18S,S107,Sample,7,2,1648.465
GOM23_S7_N3_18S_orig,GOM23,S7,N3,18S,orig,Sample,7,3,1398.628
GOM23_S7_N3_18S_S115,GOM23,S7,N3,18S,S115,Sample,7,3,1398.628
GOM23_S7_N4_18S_orig,GOM23,S7,N4,18S,orig,Sample,7,4,1148.026
GOM23_S7_N4_18S_S123,GOM23,S7,N4,18S,S123,Sample,7,4,1148.026
GOM23_S7_N5_18S_orig,GOM23,S7,N5,18S,orig,Sample,7,5,898.857
GOM23_S7_N5_18S_S131,GOM23,S7,N5,18S,S131,Sample,7,5,898.857
GOM23_S7_N6_18S_orig,GOM23,S7,N6,18S,orig,Sample,7,6,648.659
GOM23_S7_N6_18S_S138,GOM23,S7,N6,18S,S138,Sample,7,6,648.659
GOM23_S7_N7_18S_orig,GOM23,S7,N7,18S,orig,Sample,7,7,399.476
GOM23_S7_N7_18S_S146,GOM23,S7,N7,18S,S146,Sample,7,7,399.476
GOM23_S7_N9_18S_orig,GOM23,S7,N9,18S,orig,Sample,7,9,98.397
GOM23_S7_N9_18S_S154,GOM23,S7,N9,18S,S154,Sample,7,9,98.397
GOM23_S8_N1_18S_orig,GOM23,S8,N1,18S,orig,Sample,8,1,924.761
GOM23_S8_N1_18S_S185,GOM23,S8,N1,18S,S185,Sample,8,1,924.761
GOM23_S8_N10_18S_orig,GOM23,S8,N10,18S,orig,Sample,8,10,15.176
GOM23_S8_N10_18S_S147,GOM23,S8,N10,18S,S147,Sample,8,10,15.176
GOM23_S8_N11_18S_orig,GOM23,S8,N11,18S,orig,Sample,8,11,2.641
GOM23_S8_N11_18S_S155,GOM23,S8,N11,18S,S155,Sample,8,11,2.641
GOM23_S8_N3_18S_orig,GOM23,S8,N3,18S,orig,Sample,8,3,800.289
GOM23_S8_N3_18S_S100,GOM23,S8,N3,18S,S100,Sample,8,3,800.289
GOM23_S8_N4_18S_orig,GOM23,S8,N4,18S,orig,Sample,8,4,648.188
GOM23_S8_N4_18S_S108,GOM23,S8,N4,18S,S108,Sample,8,4,648.188
GOM23_S8_N5_18S_orig,GOM23,S8,N5,18S,orig,Sample,8,5,498.597
GOM23_S8_N5_18S_S116,GOM23,S8,N5,18S,S116,Sample,8,5,498.597
GOM23_S8_N7_18S_orig,GOM23,S8,N7,18S,orig,Sample,8,7,109.038
GOM23_S8_N7_18S_S124,GOM23,S8,N7,18S,S124,Sample,8,7,109.038
GOM23_S8_N8_18S_orig,GOM23,S8,N8,18S,orig,Sample,8,8,76.433
GOM23_S8_N8_18S_S132,GOM23,S8,N8,18S,S132,Sample,8,8,76.433
GOM23_S8_N9_18S_orig,GOM23,S8,N9,18S,orig,Sample,8,9,45.819
GOM23_S8_N9_18S_S139,GOM23,S8,N9,18S,S139,Sample,8,9,45.819
GOM23_S9_N5_18S_orig,GOM23,S9,N5,18S,orig,Sample,9,5,65.347
GOM23_S9_N5_18S_S170,GOM23,S9,N5,18S,S170,Sample,9,5,65.347
GOM23_S9_N9_18S_orig,GOM23,S9,N9,18S,orig,Sample,9,9,2.195
GOM23_S9_N9_18S_S178,GOM23,S9,N9,18S,S178,Sample,9,9,2.195